,player_name,season,season_type,completions,attempts,passing_yards,passing_tds,interceptions,sacks,passing_air_yards,carries,rushing_yards,rushing_tds,rushing_fumbles,receptions,targets,receiving_yards,receiving_tds,receiving_yards_after_catch,fantasy_points
0,R.Barber,2009,REG,0,0,0.0,0,0.0,0.0,0.0,0,0.0,0,0.0,0,0,0.0,0,0.0,6.0
1,C.Batch,2009,REG,1,2,17.0,0,0.0,0.0,18.0,0,0.0,0,0.0,0,0,0.0,0,0.0,0.68
2,C.Batch,2010,REG,29,49,352.0,3,3.0,4.0,541.0,7,30.0,0,1.0,0,0,0.0,0,0.0,23.080000000000002
3,J.Bidwell,2010,REG,0,0,0.0,0,0.0,0.0,0.0,1,0.0,0,1.0,0,0,0.0,0,0.0,0.0
4,M.Booker,2009,REG,0,0,0.0,0,0.0,0.0,0.0,1,7.0,0,0.0,16,32,181.0,1,55.0,24.8
5,T.Bouman,2010,REG,18,34,222.0,2,2.0,1.0,250.0,2,8.0,0,0.0,0,0,0.0,0,0.0,13.680000000000003
6,I.Bruce,2009,REG,0,0,0.0,0,0.0,0.0,0.0,1,-8.0,0,0.0,21,49,264.0,0,64.0,25.6
7,M.Brunell,2009,REG,15,30,102.0,0,1.0,1.0,61.0,3,-3.0,0,0.0,0,0,0.0,0,0.0,1.78
8,M.Brunell,2010,REG,7,13,117.0,2,1.0,1.0,159.0,0,0.0,0,0.0,0,0,0.0,0,0.0,10.68
9,D.Clark,2009,REG,0,0,0.0,0,0.0,0.0,0.0,0,0.0,0,0.0,19,34,145.0,2,46.0,26.5
10,D.Clark,2010,REG,0,0,0.0,0,0.0,0.0,0.0,0,0.0,0,0.0,1,2,12.0,0,5.0,1.2000000000000002
11,K.Collins,2009,REG,119,216,1225.0,6,8.0,5.0,1742.0,12,15.0,1,3.0,0,0,0.0,0,0.0,60.5
12,K.Collins,2010,REG,160,278,1823.0,14,8.0,13.0,2723.0,10,1.0,0,2.0,0,0,0.0,0,0.0,109.02000000000001
13,T.Collins,2009,REG,12,23,144.0,0,0.0,2.0,168.0,1,0.0,0,1.0,0,0,0.0,0,0.0,5.76
14,T.Collins,2010,REG,10,27,68.0,0,5.0,2.0,186.0,0,0.0,0,0.0,0,0,0.0,0,0.0,-7.279999999999999
15,D.Culpepper,2009,REG,89,157,945.0,3,6.0,14.0,1307.0,18,91.0,0,2.0,0,0,0.0,0,0.0,46.9
16,P.Dawson,2009,REG,1,1,10.0,0,0.0,0.0,2.0,0,0.0,0,0.0,0,0,0.0,0,0.0,0.4
17,J.Delhomme,2009,REG,178,321,2015.0,8,18.0,23.0,2925.0,17,60.0,0,2.0,0,0,0.0,0,0.0,78.60000000000001
18,J.Delhomme,2010,REG,93,149,872.0,2,7.0,6.0,1119.0,8,-2.0,0,1.0,0,0,0.0,0,0.0,26.68
19,D.Driver,2009,REG,0,0,0.0,0,0.0,0.0,0.0,1,13.0,0,0.0,70,112,1061.0,6,373.0,141.4
20,D.Driver,2010,REG,0,0,0.0,0,0.0,0.0,0.0,0,0.0,0,0.0,51,85,565.0,4,176.0,78.5
21,B.Engram,2009,REG,0,0,0.0,0,0.0,0.0,0.0,0,0.0,0,0.0,5,10,61.0,0,17.0,6.1000000000000005
22,K.Faulk,2009,REG,0,0,0.0,0,0.0,0.0,0.0,62,335.0,2,0.0,37,53,301.0,1,280.0,81.60000000000001
23,K.Faulk,2010,REG,0,0,0.0,0,0.0,0.0,0.0,8,45.0,0,0.0,6,10,62.0,0,34.0,10.7
24,B.Favre,2009,REG,364,532,4202.0,33,7.0,34.0,4238.0,9,7.0,0,0.0,1,1,-2.0,0,-2.0,282.58
25,B.Favre,2010,REG,217,358,2509.0,11,19.0,22.0,3065.0,17,8.0,0,4.0,0,0,0.0,0,0.0,97.16000000000001
26,J.Feagles,2009,REG,0,0,0.0,0,0.0,0.0,0.0,1,-8.0,0,1.0,0,0,0.0,0,0.0,-2.8
27,B.Finneran,2009,REG,0,0,0.0,0,0.0,0.0,0.0,0,0.0,0,0.0,11,16,111.0,0,48.0,11.100000000000001
28,B.Finneran,2010,REG,0,0,0.0,0,0.0,0.0,0.0,0,0.0,0,0.0,19,32,166.0,3,45.0,34.6
29,J.Galloway,2009,REG,0,0,0.0,0,0.0,0.0,0.0,0,0.0,0,0.0,7,19,67.0,0,29.0,6.700000000000001
30,J.Galloway,2010,REG,0,0,0.0,0,0.0,0.0,0.0,0,0.0,0,0.0,12,38,173.0,0,18.0,17.3
31,J.Garcia,2009,REG,0,0,0.0,0,0.0,0.0,0.0,3,-2.0,0,1.0,0,0,0.0,0,0.0,-2.2
32,T.Gonzalez,2009,REG,0,0,0.0,0,0.0,0.0,0.0,0,0.0,0,0.0,83,135,867.0,6,240.0,122.7
33,T.Gonzalez,2010,REG,0,0,0.0,0,0.0,0.0,0.0,0,0.0,0,0.0,70,108,656.0,6,191.0,101.60000000000001
34,A.Green,2009,REG,0,0,0.0,0,0.0,0.0,0.0,41,160.0,1,0.0,3,5,18.0,0,23.0,23.8
35,M.Hasselbeck,2009,REG,293,488,3029.0,17,17.0,32.0,3351.0,26,119.0,0,4.0,0,0,0.0,0,0.0,161.06
36,M.Hasselbeck,2010,REG,266,444,3001.0,12,17.0,29.0,3870.0,23,60.0,3,1.0,0,0,0.0,0,0.0,148.04
37,S.Heiden,2009,REG,0,0,0.0,0,0.0,0.0,0.0,0,0.0,0,0.0,10,17,73.0,1,22.0,11.3
38,T.Holt,2009,REG,0,0,0.0,0,0.0,0.0,0.0,0,0.0,0,0.0,51,103,722.0,0,141.0,70.2
39,E.James,2009,REG,0,0,0.0,0,0.0,0.0,0.0,46,125.0,0,1.0,3,3,19.0,0,20.0,14.400000000000002
40,D.Johnson,2009,REG,0,1,0.0,0,0.0,0.0,9.0,0,0.0,0,0.0,0,0,0.0,0,0.0,0.0
41,R.Kelly,2010,REG,0,0,0.0,0,0.0,0.0,0.0,0,0.0,0,0.0,10,13,42.0,0,31.0,4.2
42,J.Kitna,2010,REG,209,318,2365.0,16,12.0,21.0,2140.0,31,147.0,1,2.0,0,0,0.0,0,0.0,157.3
43,J.Kleinsasser,2009,REG,0,0,0.0,0,0.0,0.0,0.0,0,0.0,0,0.0,10,16,70.0,0,28.0,7.0
44,J.Kleinsasser,2010,REG,0,0,0.0,0,0.0,0.0,0.0,0,0.0,0,0.0,17,21,148.0,0,78.0,14.8
45,P.Manning,2009,REG,393,571,4500.0,33,16.0,10.0,4950.0,19,-13.0,0,1.0,0,0,0.0,0,0.0,278.7
46,P.Manning,2010,REG,450,679,4700.0,33,17.0,16.0,5905.0,18,18.0,0,1.0,0,0,0.0,0,0.0,285.8
47,D.Mason,2009,REG,0,0,0.0,0,0.0,0.0,0.0,1,2.0,0,0.0,73,134,1028.0,7,260.0,145.0
48,D.Mason,2010,REG,0,0,0.0,0,0.0,0.0,0.0,0,0.0,0,0.0,61,100,802.0,7,128.0,122.2
49,B.Maynard,2009,REG,1,1,0.0,0,0.0,0.0,-3.0,0,0.0,0,0.0,0,0,0.0,0,0.0,0.0
50,D.McNabb,2009,REG,267,443,3553.0,22,10.0,36.0,3841.0,36,141.0,2,3.0,1,1,1.0,0,14.0,234.32000000000002
51,D.McNabb,2010,REG,275,472,3377.0,14,15.0,37.0,4082.0,29,151.0,0,3.0,0,0,0.0,0,0.0,174.18
52,B.Moorman,2009,REG,1,1,25.0,1,0.0,0.0,19.0,0,0.0,0,0.0,0,0,0.0,0,0.0,5.0
53,B.Moorman,2010,REG,0,0,0.0,0,0.0,0.0,0.0,2,1.0,0,0.0,0,0,0.0,0,0.0,0.1
54,S.Morey,2009,REG,0,0,0.0,0,0.0,0.0,0.0,0,0.0,0,0.0,0,1,0.0,0,0.0,0.0
55,R.Moss,2009,REG,0,0,0.0,0,0.0,0.0,0.0,0,0.0,0,0.0,83,138,1264.0,13,413.0,204.4
56,R.Moss,2010,REG,0,0,0.0,0,0.0,0.0,0.0,0,0.0,0,0.0,28,63,393.0,5,63.0,69.3
57,M.Muhammad,2009,REG,0,0,0.0,0,0.0,0.0,0.0,0,0.0,0,0.0,53,89,581.0,1,173.0,64.10000000000001
58,J.Nesbit,2009,REG,0,0,0.0,0,0.0,0.0,0.0,0,0.0,0,0.0,0,1,0.0,0,0.0,0.0
59,T.Owens,2009,REG,0,0,0.0,0,0.0,0.0,0.0,6,54.0,1,0.0,55,109,829.0,5,309.0,124.30000000000001
60,T.Owens,2010,REG,0,0,0.0,0,0.0,0.0,0.0,0,0.0,0,0.0,72,139,983.0,9,288.0,152.3
61,T.Richardson,2009,REG,0,0,0.0,0,0.0,0.0,0.0,7,48.0,0,0.0,3,5,10.0,0,11.0,5.800000000000001
62,T.Richardson,2010,REG,0,0,0.0,0,0.0,0.0,0.0,5,13.0,0,0.0,5,5,31.0,0,27.0,4.4
63,M.Sellers,2009,REG,0,0,0.0,0,0.0,0.0,0.0,0,0.0,0,0.0,17,26,176.0,2,86.0,27.6
64,M.Sellers,2010,REG,0,0,0.0,0,0.0,0.0,0.0,4,2.0,0,0.0,20,40,224.0,0,148.0,24.6
65,H.Smith,2009,REG,1,2,35.0,1,1.0,0.0,43.0,1,8.0,1,0.0,0,0,0.0,0,0.0,10.2
66,A.Stecker,2009,REG,0,0,0.0,0,0.0,0.0,0.0,5,15.0,0,0.0,5,5,34.0,0,38.0,4.9
67,B.Stokley,2009,REG,0,0,0.0,0,0.0,0.0,0.0,0,0.0,0,0.0,19,33,327.0,4,208.0,56.7
68,B.Stokley,2010,REG,0,0,0.0,0,0.0,0.0,0.0,0,0.0,0,0.0,31,43,354.0,0,89.0,35.4
69,F.Taylor,2009,REG,0,0,0.0,0,0.0,0.0,0.0,63,269.0,4,1.0,2,3,17.0,0,19.0,50.6
70,F.Taylor,2010,REG,0,0,0.0,0,0.0,0.0,0.0,43,155.0,0,0.0,2,3,6.0,0,5.0,16.1
71,M.Turk,2010,REG,0,0,0.0,0,0.0,0.0,0.0,1,-27.0,0,0.0,0,0,0.0,0,0.0,-2.7
72,M.Vrabel,2009,REG,0,0,0.0,0,0.0,0.0,0.0,0,0.0,0,0.0,1,1,1.0,1,0.0,6.1
73,M.Vrabel,2010,REG,0,0,0.0,0,0.0,0.0,0.0,0,0.0,0,0.0,1,2,2.0,1,0.0,6.2
74,H.Ward,2009,REG,0,0,0.0,0,0.0,0.0,0.0,0,0.0,0,0.0,95,137,1167.0,6,387.0,150.70000000000002
75,H.Ward,2010,REG,0,0,0.0,0,0.0,0.0,0.0,1,-2.0,0,0.0,59,94,755.0,5,236.0,103.30000000000001
76,K.Warner,2009,REG,340,514,3758.0,27,14.0,24.0,3926.0,21,10.0,0,1.0,0,0,0.0,0,0.0,219.32
77,R.Williams,2009,REG,0,1,0.0,0,1.0,0.0,3.0,241,1121.0,11,4.0,35,53,264.0,2,246.0,212.5
78,R.Williams,2010,REG,0,0,0.0,0,0.0,0.0,0.0,159,673.0,2,4.0,19,30,141.0,1,110.0,95.4
79,L.Coles,2009,REG,0,0,0.0,0,0.0,0.0,0.0,2,10.0,0,0.0,43,76,514.0,5,212.0,82.4
80,B.Volek,2009,REG,20,31,231.0,1,1.0,1.0,174.0,9,-9.0,0,0.0,0,0,0.0,0,0.0,10.340000000000002
81,B.Volek,2010,REG,1,1,8.0,0,0.0,0.0,8.0,6,-5.0,0,0.0,0,0,0.0,0,0.0,-0.18000000000000002
82,B.Hoover,2009,REG,0,0,0.0,0,0.0,0.0,0.0,20,52.0,1,1.0,4,9,23.0,1,18.0,19.5
83,T.Yoder,2009,REG,0,0,0.0,0,0.0,0.0,0.0,0,0.0,0,0.0,4,5,9.0,3,1.0,18.9
84,D.Kreider,2009,REG,0,0,0.0,0,0.0,0.0,0.0,0,0.0,0,0.0,4,6,20.0,0,17.0,2.0
85,M.Furrey,2009,REG,0,0,0.0,0,0.0,0.0,0.0,0,0.0,0,0.0,23,39,170.0,0,70.0,17.0
86,A.Becht,2009,REG,0,0,0.0,0,0.0,0.0,0.0,0,0.0,0,0.0,7,12,61.0,1,20.0,10.1
87,S.Morris,2009,REG,0,0,0.0,0,0.0,0.0,0.0,73,319.0,2,2.0,19,27,180.0,0,179.0,59.900000000000006
88,S.Morris,2010,REG,0,0,0.0,0,0.0,0.0,0.0,20,56.0,0,0.0,7,12,77.0,0,68.0,13.3
89,M.Tauscher,2009,REG,0,0,0.0,0,0.0,0.0,0.0,0,0.0,0,0.0,1,1,-3.0,0,1.0,-0.30000000000000004
90,C.Pennington,2009,REG,51,74,413.0,1,2.0,6.0,547.0,3,7.0,0,1.0,0,0,0.0,0,0.0,13.219999999999999
91,C.Pennington,2010,REG,1,2,19.0,0,0.0,0.0,9.0,0,0.0,0,0.0,0,0,0.0,0,0.0,0.76
92,T.Smith,2009,REG,0,0,0.0,0,0.0,0.0,0.0,0,0.0,0,0.0,2,4,7.0,0,3.0,0.7000000000000001
93,T.Brady,2009,REG,371,565,4398.0,28,13.0,16.0,4711.0,29,44.0,1,0.0,0,0,0.0,0,0.0,270.32
94,T.Brady,2010,REG,324,492,3900.0,36,4.0,25.0,3872.0,31,30.0,1,1.0,0,0,0.0,0,0.0,299.0
95,M.Bulger,2009,REG,140,247,1469.0,5,6.0,14.0,1891.0,8,22.0,0,2.0,0,0,0.0,0,0.0,66.96000000000001
96,T.Jones,2009,REG,0,0,0.0,0,0.0,0.0,0.0,332,1402.0,14,2.0,10,18,58.0,0,75.0,230.0
97,T.Jones,2010,REG,0,0,0.0,0,0.0,0.0,0.0,245,896.0,6,3.0,14,20,122.0,0,115.0,135.8
98,D.Northcutt,2009,REG,0,0,0.0,0,0.0,0.0,0.0,0,0.0,0,0.0,34,62,348.0,1,119.0,40.800000000000004
99,J.Lewis,2009,REG,0,0,0.0,0,0.0,0.0,0.0,143,500.0,0,0.0,8,11,88.0,0,81.0,60.800000000000004
100,C.Redman,2009,REG,69,119,781.0,4,3.0,8.0,986.0,6,4.0,0,0.0,0,0,0.0,0,0.0,41.64
101,C.Redman,2010,REG,4,6,20.0,0,0.0,0.0,9.0,1,-1.0,0,0.0,0,0,0.0,0,0.0,0.7000000000000001
102,J.Feely,2010,REG,0,0,0.0,0,0.0,0.0,0.0,1,5.0,1,0.0,0,0,0.0,0,0.0,6.5
103,D.Rhodes,2010,REG,0,0,0.0,0,0.0,0.0,0.0,37,172.0,0,1.0,1,4,4.0,0,2.0,15.600000000000001
104,J.Baker,2010,REG,0,0,0.0,0,0.0,0.0,0.0,1,0.0,0,0.0,0,0,0.0,0,0.0,0.0
105,M.Vick,2009,REG,6,13,86.0,1,0.0,0.0,152.0,24,95.0,2,0.0,0,0,0.0,0,0.0,28.94
106,M.Vick,2010,REG,233,372,3018.0,21,6.0,34.0,3519.0,100,676.0,9,4.0,0,0,0.0,0,0.0,310.32
107,T.Stewart,2009,REG,0,0,0.0,0,0.0,0.0,0.0,0,0.0,0,0.0,10,14,78.0,0,44.0,7.800000000000001
108,C.Buckhalter,2009,REG,0,0,0.0,0,0.0,0.0,0.0,120,642.0,1,3.0,31,38,240.0,0,247.0,90.2
109,C.Buckhalter,2010,REG,0,0,0.0,0,0.0,0.0,0.0,59,147.0,2,1.0,28,39,240.0,2,232.0,60.70000000000001
110,A.Crumpler,2009,REG,0,0,0.0,0,0.0,0.0,0.0,0,0.0,0,0.0,27,37,222.0,1,97.0,26.200000000000003
111,A.Crumpler,2010,REG,0,0,0.0,0,0.0,0.0,0.0,0,0.0,0,0.0,6,10,52.0,2,35.0,17.2
112,D.Martin,2010,REG,0,0,0.0,0,0.0,0.0,0.0,0,0.0,0,0.0,7,8,43.0,1,15.0,10.3
113,S.Smith,2009,REG,0,0,0.0,0,0.0,0.0,0.0,5,22.0,0,0.0,65,128,982.0,7,355.0,144.4
114,S.Smith,2010,REG,0,0,0.0,0,0.0,0.0,0.0,1,9.0,0,0.0,46,99,554.0,2,217.0,64.30000000000001
115,B.Manumaleuna,2009,REG,0,0,0.0,0,0.0,0.0,0.0,0,0.0,0,0.0,5,7,13.0,0,27.0,1.3
116,B.Manumaleuna,2010,REG,0,0,0.0,0,0.0,0.0,0.0,0,0.0,0,0.0,5,7,43.0,1,24.0,10.3
117,C.Ochocinco,2009,REG,0,0,0.0,0,0.0,0.0,0.0,3,32.0,0,0.0,72,128,1047.0,9,245.0,157.9
118,C.Ochocinco,2010,REG,0,1,0.0,0,0.0,0.0,37.0,0,0.0,0,0.0,67,126,831.0,4,190.0,107.10000000000001
119,T.Houshmandzadeh,2009,REG,0,0,0.0,0,0.0,0.0,0.0,0,0.0,0,0.0,79,135,911.0,3,289.0,107.10000000000001
120,T.Houshmandzadeh,2010,REG,0,0,0.0,0,0.0,0.0,0.0,0,0.0,0,0.0,30,57,398.0,3,76.0,57.800000000000004
121,C.Chambers,2009,REG,0,0,0.0,0,0.0,0.0,0.0,0,0.0,0,0.0,45,92,730.0,5,187.0,103.0
122,C.Chambers,2010,REG,0,0,0.0,0,0.0,0.0,0.0,0,0.0,0,0.0,22,43,213.0,1,37.0,27.3
123,L.Jordan,2009,REG,0,0,0.0,0,0.0,0.0,0.0,25,86.0,0,0.0,0,4,0.0,0,0.0,8.600000000000001
124,S.Rosenfels,2010,REG,0,0,0.0,0,0.0,0.0,0.0,3,-3.0,0,0.0,0,0,0.0,0,0.0,-0.30000000000000004
125,S.Moss,2009,REG,0,0,0.0,0,0.0,0.0,0.0,2,8.0,0,0.0,70,120,902.0,3,356.0,107.0
126,S.Moss,2010,REG,0,0,0.0,0,0.0,0.0,0.0,5,-6.0,0,0.0,93,145,1115.0,6,477.0,142.9
127,N.Clements,2009,REG,0,0,0.0,0,0.0,0.0,0.0,0,0.0,0,0.0,0,0,0.0,0,0.0,6.0
128,R.Wayne,2009,REG,0,1,0.0,0,1.0,0.0,16.0,0,0.0,0,0.0,100,149,1264.0,10,430.0,184.4
129,R.Wayne,2010,REG,0,0,0.0,0,0.0,0.0,0.0,0,0.0,0,0.0,111,175,1355.0,6,412.0,169.5
130,H.Evans,2009,REG,0,0,0.0,0,0.0,0.0,0.0,5,16.0,1,0.0,10,13,70.0,2,82.0,26.6
131,H.Evans,2010,REG,0,0,0.0,0,0.0,0.0,0.0,2,2.0,0,0.0,7,11,41.0,1,38.0,10.3
132,M.Norris,2009,REG,0,0,0.0,0,0.0,0.0,0.0,14,41.0,1,0.0,7,11,31.0,0,21.0,13.200000000000001
133,M.Norris,2010,REG,0,0,0.0,0,0.0,0.0,0.0,3,0.0,0,0.0,4,9,20.0,0,14.0,2.0
134,M.Bennett,2009,REG,0,0,0.0,0,0.0,0.0,0.0,23,65.0,0,0.0,6,7,65.0,0,92.0,13.0
135,M.Bennett,2010,REG,0,0,0.0,0,0.0,0.0,0.0,2,11.0,0,0.0,2,2,9.0,0,3.0,2.0
136,T.Heap,2009,REG,0,0,0.0,0,0.0,0.0,0.0,1,2.0,0,1.0,53,75,593.0,6,183.0,95.5
137,T.Heap,2010,REG,0,0,0.0,0,0.0,0.0,0.0,0,0.0,0,0.0,40,64,599.0,5,222.0,89.9
138,D.Brees,2009,REG,363,514,4388.0,34,11.0,20.0,4222.0,22,33.0,2,1.0,1,1,-4.0,0,-4.0,292.42
139,D.Brees,2010,REG,448,658,4620.0,33,22.0,25.0,5025.0,18,-3.0,0,0.0,1,1,7.0,0,16.0,269.2
140,L.Tomlinson,2009,REG,0,1,0.0,0,0.0,0.0,3.0,223,730.0,12,1.0,20,30,154.0,0,191.0,156.4
141,L.Tomlinson,2010,REG,0,0,0.0,0,0.0,0.0,0.0,219,914.0,6,2.0,52,79,368.0,0,345.0,164.20000000000002
142,D.Dinkins,2009,REG,0,0,0.0,0,0.0,0.0,0.0,0,0.0,0,0.0,5,7,22.0,1,21.0,8.2
143,D.Carr,2009,REG,21,33,225.0,1,0.0,2.0,266.0,9,27.0,1,1.0,0,0,0.0,0,0.0,21.7
144,D.Carr,2010,REG,5,13,67.0,0,1.0,1.0,137.0,0,0.0,0,0.0,0,0,0.0,0,0.0,0.6800000000000002
145,K.Pearson,2009,REG,0,0,0.0,0,0.0,0.0,0.0,1,1.0,0,1.0,0,0,0.0,0,0.0,0.1
146,S.Hill,2009,REG,87,155,943.0,5,2.0,18.0,1083.0,8,70.0,0,0.0,0,0,0.0,0,0.0,58.72
147,Sh.Hill,2010,REG,257,416,2686.0,16,12.0,17.0,2992.0,22,123.0,0,3.0,0,0,0.0,0,0.0,159.74
148,C.McIntyre,2009,REG,0,0,0.0,0,0.0,0.0,0.0,5,34.0,0,0.0,7,8,55.0,0,54.0,8.9
149,C.McIntyre,2010,REG,0,0,0.0,0,0.0,0.0,0.0,4,5.0,1,0.0,4,8,32.0,0,28.0,7.699999999999999
150,J.McKie,2009,REG,0,0,0.0,0,0.0,0.0,0.0,0,0.0,0,0.0,5,10,13.0,0,4.0,1.3
151,D.Stallworth,2010,REG,0,0,0.0,0,0.0,0.0,0.0,5,45.0,0,1.0,2,5,82.0,0,22.0,10.700000000000001
152,J.Shockey,2009,REG,0,0,0.0,0,0.0,0.0,0.0,0,0.0,0,0.0,48,67,569.0,3,130.0,74.9
153,J.Shockey,2010,REG,0,0,0.0,0,0.0,0.0,0.0,0,0.0,0,0.0,41,59,408.0,3,121.0,58.800000000000004
154,D.Graham,2009,REG,0,0,0.0,0,0.0,0.0,0.0,0,0.0,0,0.0,28,43,289.0,1,200.0,34.900000000000006
155,D.Graham,2010,REG,0,0,0.0,0,0.0,0.0,0.0,0,0.0,0,0.0,18,37,148.0,0,43.0,14.8
156,J.Stevens,2009,REG,0,0,0.0,0,0.0,0.0,0.0,0,0.0,0,0.0,15,32,130.0,1,32.0,19.000000000000004
157,J.Stevens,2010,REG,0,0,0.0,0,0.0,0.0,0.0,0,0.0,0,0.0,3,5,43.0,0,9.0,4.3
158,J.Gaffney,2009,REG,0,0,0.0,0,0.0,0.0,0.0,0,0.0,0,0.0,54,87,732.0,2,263.0,85.2
159,J.Gaffney,2010,REG,0,0,0.0,0,0.0,0.0,0.0,0,0.0,0,0.0,65,112,875.0,2,208.0,99.5
160,J.Reed,2009,REG,0,0,0.0,0,0.0,0.0,0.0,0,0.0,0,0.0,27,45,291.0,1,94.0,35.1
161,T.Carter,2009,REG,0,0,0.0,0,0.0,0.0,0.0,0,0.0,0,0.0,1,5,6.0,0,1.0,0.6000000000000001
162,A.Davis,2009,REG,0,0,0.0,0,0.0,0.0,0.0,0,0.0,0,0.0,6,11,59.0,0,20.0,5.9
163,C.Portis,2009,REG,0,1,0.0,0,0.0,0.0,5.0,124,494.0,1,1.0,9,12,57.0,1,71.0,65.1
164,C.Portis,2010,REG,0,0,0.0,0,0.0,0.0,0.0,54,227.0,2,0.0,5,9,55.0,0,64.0,40.2
165,M.Morris,2009,REG,0,0,0.0,0,0.0,0.0,0.0,93,384.0,2,1.0,26,38,210.0,0,205.0,73.4
166,M.Morris,2010,REG,0,0,0.0,0,0.0,0.0,0.0,90,336.0,5,1.0,25,31,170.0,0,156.0,80.6
167,L.Betts,2009,REG,0,0,0.0,0,0.0,0.0,0.0,56,210.0,2,0.0,17,20,179.0,0,190.0,50.900000000000006
168,L.Betts,2010,REG,0,0,0.0,0,0.0,0.0,0.0,45,150.0,2,1.0,23,31,141.0,0,168.0,39.1
169,J.McGraw,2009,REG,0,0,0.0,0,0.0,0.0,0.0,1,4.0,0,0.0,0,0,0.0,0,0.0,6.4
170,R.Denney,2009,REG,0,0,0.0,0,0.0,0.0,0.0,0,0.0,0,0.0,1,1,25.0,1,6.0,8.5
171,A.Randle El,2009,REG,0,0,0.0,0,0.0,1.0,0.0,0,0.0,0,0.0,50,76,530.0,0,215.0,53.0
172,A.Randle El,2010,REG,2,2,42.0,2,0.0,0.0,42.0,1,2.0,0,0.0,22,39,253.0,0,50.0,35.18
173,A.Bryant,2009,REG,0,0,0.0,0,0.0,0.0,0.0,0,0.0,0,0.0,39,86,600.0,4,134.0,84.0
174,D.Branch,2009,REG,0,0,0.0,0,0.0,0.0,0.0,1,-8.0,0,0.0,45,79,437.0,2,205.0,54.900000000000006
175,D.Branch,2010,REG,0,0,0.0,0,0.0,0.0,0.0,0,0.0,0,0.0,61,92,818.0,6,276.0,115.8
176,J.McCown,2009,REG,1,6,2.0,0,0.0,1.0,20.0,0,0.0,0,0.0,0,0,0.0,0,0.0,0.08
177,C.Baker,2009,REG,0,0,0.0,0,0.0,0.0,0.0,0,0.0,0,0.0,14,19,142.0,2,30.0,26.2
178,C.Baker,2010,REG,0,0,0.0,0,0.0,0.0,0.0,0,0.0,0,0.0,9,19,116.0,1,47.0,17.6
179,B.Westbrook,2009,REG,0,1,0.0,0,0.0,0.0,1.0,61,274.0,1,0.0,25,34,181.0,1,151.0,57.5
180,B.Westbrook,2010,REG,0,0,0.0,0,0.0,0.0,0.0,77,340.0,4,0.0,16,24,150.0,1,145.0,79.0
181,J.Peelle,2009,REG,0,0,0.0,0,0.0,0.0,0.0,0,0.0,0,0.0,12,15,115.0,2,47.0,23.5
182,J.Peelle,2010,REG,0,0,0.0,0,0.0,0.0,0.0,0,0.0,0,0.0,10,15,96.0,1,53.0,15.600000000000001
183,D.Garrard,2009,REG,314,516,3597.0,15,10.0,42.0,4224.0,77,323.0,3,5.0,0,0,0.0,0,0.0,220.18
184,D.Garrard,2010,REG,236,366,2734.0,23,15.0,33.0,3149.0,66,279.0,5,5.0,0,0,0.0,0,0.0,221.26
185,R.McMichael,2009,REG,0,0,0.0,0,0.0,0.0,0.0,0,0.0,0,0.0,34,62,332.0,1,152.0,39.2
186,R.McMichael,2010,REG,0,0,0.0,0,0.0,0.0,0.0,0,0.0,0,0.0,20,27,221.0,2,83.0,34.1
187,J.Owens,2009,REG,0,0,0.0,0,0.0,0.0,0.0,0,0.0,0,0.0,3,6,16.0,0,10.0,1.6
188,R.Royal,2009,REG,0,0,0.0,0,0.0,0.0,0.0,0,0.0,0,0.0,11,26,134.0,1,43.0,19.400000000000002
189,R.Royal,2010,REG,0,0,0.0,0,0.0,0.0,0.0,0,0.0,0,0.0,5,12,56.0,1,15.0,11.6
190,V.Haynes,2009,REG,0,0,0.0,0,0.0,0.0,0.0,0,0.0,0,0.0,3,4,20.0,0,24.0,2.0
191,J.O'Sullivan,2009,REG,4,11,40.0,0,0.0,3.0,44.0,3,12.0,0,0.0,0,0,0.0,0,0.0,-1.2
192,J.Gilmore,2009,REG,0,0,0.0,0,0.0,0.0,0.0,0,0.0,0,0.0,3,7,23.0,0,15.0,2.3
193,J.Gilmore,2010,REG,0,0,0.0,0,0.0,0.0,0.0,0,0.0,0,0.0,13,18,160.0,1,98.0,22.0
194,A.Peterson,2009,REG,0,0,0.0,0,0.0,0.0,0.0,7,51.0,0,0.0,2,2,11.0,0,4.0,6.200000000000001
195,C.Taylor,2009,REG,0,0,0.0,0,0.0,0.0,0.0,93,332.0,1,2.0,44,59,389.0,1,370.0,84.10000000000001
196,C.Taylor,2010,REG,0,0,0.0,0,0.0,0.0,0.0,112,267.0,3,0.0,20,26,139.0,0,118.0,58.6
197,R.Cartwright,2009,REG,0,0,0.0,0,0.0,0.0,0.0,64,228.0,0,0.0,27,32,242.0,1,238.0,53.0
198,R.Cartwright,2010,REG,0,0,0.0,0,0.0,0.0,0.0,9,22.0,0,0.0,1,3,10.0,0,8.0,3.2
199,C.Palmer,2009,REG,282,466,3094.0,21,13.0,26.0,3833.0,39,93.0,3,3.0,0,0,0.0,0,0.0,209.06
200,C.Palmer,2010,REG,362,586,3970.0,26,20.0,26.0,4959.0,32,50.0,0,4.0,0,0,0.0,0,0.0,223.8
201,M.McBriar,2010,REG,0,0,0.0,0,0.0,0.0,0.0,1,0.0,0,1.0,0,0,0.0,0,0.0,-2.0
202,G.Lewis,2009,REG,0,0,0.0,0,0.0,0.0,0.0,0,0.0,0,0.0,8,11,96.0,1,42.0,15.6
203,G.Lewis,2010,REG,0,0,0.0,0,0.0,0.0,0.0,0,0.0,0,0.0,17,37,197.0,0,71.0,19.7
204,C.Fitzsimmons,2009,REG,0,0,0.0,0,0.0,0.0,0.0,0,0.0,0,0.0,18,27,128.0,0,54.0,10.8
205,A.Gates,2009,REG,0,0,0.0,0,0.0,0.0,0.0,0,0.0,0,0.0,79,114,1157.0,8,473.0,163.70000000000002
206,A.Gates,2010,REG,0,0,0.0,0,0.0,0.0,0.0,0,0.0,0,0.0,50,65,782.0,10,311.0,138.2
207,K.Osgood,2009,REG,0,0,0.0,0,0.0,0.0,0.0,0,0.0,0,0.0,1,5,17.0,0,38.0,1.7000000000000002
208,K.Osgood,2010,REG,0,0,0.0,0,0.0,0.0,0.0,0,0.0,0,0.0,6,16,60.0,1,20.0,12.0
209,J.Urban,2009,REG,0,0,0.0,0,0.0,0.0,0.0,0,0.0,0,0.0,18,29,186.0,0,63.0,18.6
210,T.Romo,2009,REG,347,550,4483.0,26,9.0,34.0,4186.0,35,105.0,1,2.0,0,0,0.0,0,0.0,273.82
211,T.Romo,2010,REG,148,213,1605.0,11,7.0,7.0,1548.0,6,38.0,0,0.0,0,0,0.0,0,0.0,98.0
212,S.Smith,2010,REG,0,0,0.0,0,0.0,0.0,0.0,1,1.0,1,0.0,0,0,0.0,0,0.0,6.1
213,E.Graham,2009,REG,0,0,0.0,0,0.0,0.0,0.0,14,66.0,0,0.0,14,22,109.0,0,78.0,17.5
214,E.Graham,2010,REG,1,1,2.0,1,0.0,0.0,2.0,20,99.0,1,1.0,16,19,130.0,1,116.0,36.980000000000004
215,W.Heller,2009,REG,0,0,0.0,0,0.0,0.0,0.0,0,0.0,0,0.0,29,50,296.0,3,116.0,47.6
216,W.Heller,2010,REG,0,0,0.0,0,0.0,0.0,0.0,0,0.0,0,0.0,4,5,37.0,1,34.0,9.7
217,S.Aiken,2009,REG,0,0,0.0,0,0.0,0.0,0.0,0,0.0,0,0.0,20,41,326.0,2,187.0,44.6
218,S.Aiken,2010,REG,0,0,0.0,0,0.0,0.0,0.0,0,0.0,0,0.0,1,1,7.0,0,0.0,0.7000000000000001
219,D.Lee,2009,REG,0,0,0.0,0,0.0,0.0,0.0,0,0.0,0,0.0,36,54,253.0,1,135.0,31.3
220,D.Lee,2010,REG,0,0,0.0,0,0.0,0.0,0.0,0,0.0,0,0.0,11,12,73.0,3,51.0,23.3
221,K.Walter,2009,REG,0,0,0.0,0,0.0,0.0,0.0,4,26.0,0,0.0,53,70,611.0,2,128.0,75.7
222,K.Walter,2010,REG,0,0,0.0,0,0.0,0.0,0.0,0,0.0,0,0.0,51,80,621.0,5,131.0,92.1
223,Josh.Brown,2009,REG,1,1,36.0,1,0.0,0.0,7.0,0,0.0,0,0.0,0,0,0.0,0,0.0,5.4399999999999995
224,L.Johnson,2009,REG,0,0,0.0,0,0.0,0.0,0.0,178,562.0,0,2.0,15,21,80.0,0,84.0,62.2
225,L.Johnson,2010,REG,0,0,0.0,0,0.0,0.0,0.0,5,2.0,0,0.0,0,0,0.0,0,0.0,0.19999999999999996
226,J.Gage,2009,REG,0,0,0.0,0,0.0,0.0,0.0,0,0.0,0,0.0,28,67,383.0,3,66.0,56.300000000000004
227,J.Gage,2010,REG,0,0,0.0,0,0.0,0.0,0.0,0,0.0,0,0.0,20,43,266.0,1,50.0,32.6
228,N.Burleson,2009,REG,0,0,0.0,0,0.0,0.0,0.0,2,4.0,0,0.0,63,103,812.0,3,276.0,95.60000000000001
229,N.Burleson,2010,REG,0,0,0.0,0,0.0,0.0,0.0,7,81.0,0,0.0,55,86,625.0,6,302.0,102.60000000000001
230,W.Hunter,2009,REG,0,0,0.0,0,0.0,0.0,0.0,0,0.0,0,0.0,0,1,0.0,0,0.0,0.0
231,K.Curtis,2009,REG,0,0,0.0,0,0.0,0.0,0.0,0,0.0,0,0.0,6,15,77.0,0,17.0,7.7
232,K.Curtis,2010,REG,0,0,0.0,0,0.0,0.0,0.0,1,6.0,0,0.0,1,2,6.0,0,0.0,1.2000000000000002
233,B.Askew,2009,REG,0,0,0.0,0,0.0,0.0,0.0,1,0.0,0,0.0,2,2,3.0,0,2.0,0.30000000000000004
234,C.Simms,2009,REG,5,17,23.0,0,1.0,5.0,138.0,3,-4.0,0,0.0,0,0,0.0,0,0.0,-3.48
235,J.Griffith,2009,REG,0,0,0.0,0,0.0,0.0,0.0,4,6.0,0,0.0,19,27,118.0,1,82.0,16.400000000000002
236,M.Scifres,2010,REG,1,1,28.0,0,0.0,0.0,19.0,0,0.0,0,0.0,0,0,0.0,0,0.0,1.12
237,A.Johnson,2009,REG,0,0,0.0,0,0.0,0.0,0.0,2,10.0,0,0.0,101,171,1569.0,9,539.0,213.9
238,A.Johnson,2010,REG,0,0,0.0,0,0.0,0.0,0.0,2,10.0,0,0.0,86,138,1216.0,8,350.0,170.60000000000002
239,V.Shiancoe,2009,REG,0,0,0.0,0,0.0,0.0,0.0,0,0.0,0,0.0,56,79,566.0,11,225.0,122.6
240,V.Shiancoe,2010,REG,0,0,0.0,0,0.0,0.0,0.0,0,0.0,0,0.0,47,79,530.0,2,175.0,65.0
241,S.Wallace,2009,REG,78,120,700.0,3,2.0,9.0,891.0,16,2.0,1,3.0,2,3,29.0,0,37.0,41.099999999999994
242,S.Wallace,2010,REG,64,101,694.0,4,2.0,6.0,838.0,7,9.0,0,1.0,1,1,9.0,0,9.0,41.56
243,A.Battle,2009,REG,0,0,0.0,0,0.0,0.0,0.0,0,0.0,0,0.0,5,5,40.0,0,18.0,4.0
244,A.Battle,2010,REG,0,0,0.0,0,0.0,0.0,0.0,0,0.0,0,0.0,0,2,0.0,0,0.0,0.0
245,A.Boldin,2009,REG,0,0,0.0,0,0.0,0.0,0.0,2,7.0,0,0.0,85,128,1029.0,5,366.0,129.6
246,A.Boldin,2010,REG,1,1,-6.0,0,0.0,0.0,-11.0,2,2.0,0,0.0,64,109,837.0,7,222.0,123.66000000000001
247,C.Brown,2009,REG,0,1,0.0,0,1.0,0.0,4.0,79,267.0,3,1.0,16,21,74.0,0,63.0,48.1
248,J.Fargas,2009,REG,0,0,0.0,0,0.0,0.0,0.0,129,491.0,3,1.0,17,21,113.0,0,112.0,78.4
249,B.Lloyd,2009,REG,0,0,0.0,0,0.0,0.0,0.0,0,0.0,0,0.0,8,18,117.0,0,14.0,11.7
250,B.Lloyd,2010,REG,0,0,0.0,0,0.0,0.0,0.0,1,-18.0,0,0.0,77,153,1448.0,11,180.0,209.0
251,B.St. Pierre,2009,REG,2,4,12.0,1,1.0,0.0,30.0,1,2.0,0,1.0,0,0,0.0,0,0.0,2.6800000000000006
252,B.St. Pierre,2010,REG,13,28,173.0,1,2.0,3.0,193.0,0,0.0,0,0.0,0,0,0.0,0,0.0,6.92
253,R.Grossman,2009,REG,3,9,33.0,0,1.0,0.0,86.0,3,5.0,0,1.0,0,0,0.0,0,0.0,-0.17999999999999994
254,R.Grossman,2010,REG,74,133,884.0,7,4.0,9.0,938.0,3,6.0,0,0.0,0,0,0.0,0,0.0,51.96
255,L.Smith,2009,REG,0,0,0.0,0,0.0,0.0,0.0,0,0.0,0,0.0,2,3,31.0,0,17.0,3.1
256,J.Witten,2009,REG,0,0,0.0,0,0.0,0.0,0.0,0,0.0,0,0.0,94,124,1030.0,2,453.0,115.00000000000001
257,J.Witten,2010,REG,0,0,0.0,0,0.0,0.0,0.0,0,0.0,0,0.0,94,128,1002.0,9,393.0,154.2
258,J.Johnson,2009,REG,0,0,0.0,0,0.0,0.0,0.0,4,8.0,0,1.0,5,9,32.0,0,19.0,2.0
259,J.Johnson,2009,REG,0,0,0.0,0,0.0,0.0,0.0,4,8.0,0,1.0,5,9,32.0,0,19.0,2.0
260,Je.Johnson,2009,REG,0,0,0.0,0,0.0,0.0,0.0,0,0.0,0,0.0,1,3,9.0,0,4.0,0.9
261,Je.Johnson,2009,REG,0,0,0.0,0,0.0,0.0,0.0,0,0.0,0,0.0,1,3,9.0,0,4.0,0.9
262,O.Mughelli,2009,REG,0,0,0.0,0,0.0,0.0,0.0,4,10.0,0,0.0,7,10,51.0,1,40.0,12.1
263,O.Mughelli,2010,REG,0,0,0.0,0,0.0,0.0,0.0,13,36.0,0,0.0,13,18,126.0,1,112.0,22.2
264,B.Wade,2009,REG,0,0,0.0,0,0.0,0.0,0.0,2,11.0,0,0.0,37,75,367.0,2,114.0,49.800000000000004
265,B.Johnson,2009,REG,0,0,0.0,0,0.0,0.0,0.0,0,0.0,0,0.0,36,88,426.0,3,116.0,60.6
266,B.Johnson,2010,REG,0,0,0.0,0,0.0,0.0,0.0,0,0.0,0,0.0,18,49,210.0,0,63.0,23.0
267,K.Boller,2009,REG,98,176,899.0,3,6.0,17.0,1095.0,13,76.0,0,1.0,0,0,0.0,0,0.0,39.56
268,K.Boller,2010,REG,2,4,25.0,0,1.0,1.0,35.0,7,18.0,0,1.0,0,0,0.0,0,0.0,0.8000000000000003
269,D.Clark,2009,REG,0,0,0.0,0,0.0,0.0,0.0,2,11.0,0,0.0,100,132,1106.0,10,485.0,171.7
270,D.Clark,2010,REG,0,0,0.0,0,0.0,0.0,0.0,0,0.0,0,0.0,37,53,347.0,3,133.0,52.7
271,C.Crocker,2009,REG,0,0,0.0,0,0.0,0.0,0.0,1,21.0,0,0.0,0,0,0.0,0,0.0,2.1
272,K.Washington,2009,REG,0,0,0.0,0,0.0,0.0,0.0,1,1.0,0,0.0,34,48,431.0,2,110.0,55.2
273,K.Washington,2010,REG,0,0,0.0,0,0.0,0.0,0.0,0,0.0,0,0.0,13,14,173.0,1,92.0,23.3
274,B.Leftwich,2009,REG,58,107,594.0,4,3.0,2.0,995.0,6,6.0,0,2.0,0,0,0.0,0,0.0,34.36000000000001
275,B.Leftwich,2010,REG,5,7,42.0,0,0.0,2.0,33.0,0,0.0,0,0.0,0,0,0.0,0,0.0,1.68
276,W.McGahee,2009,REG,0,0,0.0,0,0.0,0.0,0.0,109,544.0,12,1.0,15,22,85.0,2,109.0,144.9
277,W.McGahee,2010,REG,0,0,0.0,0,0.0,0.0,0.0,100,380.0,5,2.0,14,18,55.0,1,94.0,75.5
278,M.Moore,2009,REG,1,1,6.0,1,0.0,0.0,6.0,35,118.0,0,0.0,21,31,153.0,2,140.0,43.34
279,M.Moore,2010,REG,0,0,0.0,0,0.0,0.0,0.0,33,99.0,0,0.0,26,31,205.0,0,198.0,34.4
280,W.Parker,2009,REG,0,0,0.0,0,0.0,0.0,0.0,98,389.0,0,1.0,6,7,64.0,1,38.0,49.3
281,J.Standeford,2009,REG,0,0,0.0,0,0.0,0.0,0.0,0,0.0,0,0.0,1,3,5.0,0,0.0,0.5
282,J.Wright,2009,REG,0,0,0.0,0,0.0,0.0,0.0,3,17.0,0,0.0,9,11,53.0,2,46.0,19.0
283,J.Wright,2010,REG,0,0,0.0,0,0.0,0.0,0.0,6,28.0,0,0.0,8,16,42.0,0,39.0,7.0
284,J.Jenkins,2009,REG,0,0,0.0,0,0.0,0.0,0.0,1,-3.0,0,0.0,0,0,0.0,0,0.0,-0.30000000000000004
285,T.Copper,2009,REG,0,0,0.0,0,0.0,0.0,0.0,0,0.0,0,0.0,4,6,68.0,0,21.0,6.800000000000001
286,T.Copper,2010,REG,0,0,0.0,0,0.0,0.0,0.0,0,0.0,0,0.0,18,28,157.0,0,62.0,15.700000000000001
287,V.Leach,2009,REG,0,0,0.0,0,0.0,0.0,0.0,0,0.0,0,0.0,20,26,155.0,1,110.0,21.5
288,V.Leach,2010,REG,0,0,0.0,0,0.0,0.0,0.0,0,0.0,0,0.0,8,15,91.0,0,69.0,9.100000000000001
289,L.Polite,2009,REG,0,0,0.0,0,0.0,0.0,0.0,37,123.0,0,1.0,11,23,51.0,0,46.0,17.400000000000002
290,L.Polite,2010,REG,0,0,0.0,0,0.0,0.0,0.0,26,62.0,1,0.0,12,17,61.0,0,45.0,18.3
291,M.Floyd,2009,REG,0,0,0.0,0,0.0,0.0,0.0,0,0.0,0,0.0,45,76,776.0,1,121.0,83.60000000000001
292,M.Floyd,2010,REG,0,0,0.0,0,0.0,0.0,0.0,0,0.0,0,0.0,37,77,717.0,6,110.0,107.7
293,R.Martin,2009,REG,0,0,0.0,0,0.0,0.0,0.0,0,0.0,0,0.0,6,12,99.0,0,56.0,9.9
294,R.Martin,2010,REG,0,0,0.0,0,0.0,0.0,0.0,0,0.0,0,0.0,7,9,158.0,1,51.0,21.8
295,W.Welker,2009,REG,0,0,0.0,0,0.0,0.0,0.0,5,36.0,0,0.0,123,162,1348.0,4,721.0,162.4
296,W.Welker,2010,REG,0,0,0.0,0,0.0,0.0,0.0,0,0.0,0,0.0,86,123,848.0,7,403.0,126.8
297,C.Davis,2009,REG,0,0,0.0,0,0.0,0.0,0.0,2,15.0,0,0.0,0,0,0.0,0,0.0,1.5
298,J.Foschi,2009,REG,0,0,0.0,0,0.0,0.0,0.0,0,0.0,0,0.0,27,37,260.0,2,116.0,36.0
299,L.Lawton,2009,REG,0,0,0.0,0,0.0,0.0,0.0,0,0.0,0,0.0,7,10,31.0,0,33.0,3.1000000000000005
300,M.Gaines,2009,REG,0,0,0.0,0,0.0,0.0,0.0,0,0.0,0,0.0,5,9,59.0,1,21.0,11.9
301,K.Wilson,2009,REG,0,0,0.0,0,0.0,0.0,0.0,0,0.0,0,0.0,4,7,28.0,1,17.0,8.8
302,K.Wilson,2010,REG,0,0,0.0,0,0.0,0.0,0.0,0,0.0,0,0.0,6,9,73.0,0,58.0,5.300000000000001
303,M.Clayton,2009,REG,0,1,0.0,0,0.0,0.0,13.0,0,0.0,0,0.0,16,48,230.0,1,38.0,31.0
304,M.Clayton,2010,REG,0,0,0.0,0,0.0,0.0,0.0,0,0.0,0,0.0,2,4,19.0,0,2.0,1.9000000000000001
305,S.Jackson,2009,REG,0,0,0.0,0,0.0,0.0,0.0,325,1424.0,4,2.0,50,74,314.0,0,342.0,193.8
306,S.Jackson,2010,REG,0,0,0.0,0,0.0,0.0,0.0,330,1241.0,6,1.0,46,61,383.0,0,380.0,196.4
307,C.Cooley,2009,REG,0,0,0.0,0,0.0,0.0,0.0,0,0.0,0,0.0,29,45,332.0,2,211.0,45.2
308,C.Cooley,2010,REG,0,0,0.0,0,0.0,0.0,0.0,0,0.0,0,0.0,77,126,849.0,3,372.0,102.9
309,J.Dugan,2009,REG,0,0,0.0,0,0.0,0.0,0.0,3,7.0,0,0.0,6,6,52.0,2,10.0,17.900000000000002
310,J.Dugan,2010,REG,0,0,0.0,0,0.0,0.0,0.0,2,2.0,0,0.0,4,5,30.0,0,23.0,3.2
311,P.Crayton,2009,REG,0,0,0.0,0,0.0,0.0,0.0,4,28.0,0,1.0,37,67,622.0,5,266.0,107.0
312,P.Crayton,2010,REG,0,1,0.0,0,0.0,0.0,29.0,0,0.0,0,0.0,28,42,514.0,1,214.0,57.400000000000006
313,D.Ward,2009,REG,0,0,0.0,0,0.0,0.0,0.0,115,414.0,1,0.0,20,24,150.0,2,135.0,74.4
314,D.Ward,2010,REG,0,0,0.0,0,0.0,0.0,0.0,50,315.0,4,0.0,7,11,61.0,0,52.0,61.6
315,M.Jenkins,2009,REG,0,0,0.0,0,0.0,0.0,0.0,0,0.0,0,0.0,50,90,635.0,1,220.0,69.5
316,M.Jenkins,2010,REG,0,0,0.0,0,0.0,0.0,0.0,0,0.0,0,0.0,41,73,505.0,2,83.0,62.5
317,M.Schaub,2009,REG,396,583,4770.0,29,15.0,26.0,4444.0,47,61.0,0,2.0,0,0,0.0,0,0.0,280.9
318,M.Schaub,2010,REG,365,574,4370.0,24,12.0,32.0,4416.0,22,28.0,0,2.0,0,0,0.0,0,0.0,245.6
319,M.Karney,2009,REG,0,0,0.0,0,0.0,0.0,0.0,2,8.0,0,0.0,6,9,16.0,0,29.0,2.4
320,M.Karney,2010,REG,0,0,0.0,0,0.0,0.0,0.0,6,12.0,0,0.0,5,5,14.0,0,11.0,2.6
321,E.Manning,2009,REG,317,509,4021.0,27,14.0,30.0,4515.0,17,65.0,0,4.0,0,0,0.0,0,0.0,231.34
322,E.Manning,2010,REG,339,539,4002.0,31,25.0,16.0,4983.0,32,70.0,0,2.0,0,0,0.0,0,0.0,231.08
323,B.Berrian,2009,REG,0,0,0.0,0,0.0,0.0,0.0,0,0.0,0,0.0,55,92,618.0,4,205.0,85.8
324,B.Berrian,2010,REG,0,0,0.0,0,0.0,0.0,0.0,1,-8.0,0,0.0,28,54,252.0,0,79.0,24.400000000000002
325,J.Cotchery,2009,REG,0,0,0.0,0,0.0,0.0,0.0,2,7.0,1,0.0,57,96,821.0,3,299.0,106.80000000000001
326,J.Cotchery,2010,REG,0,0,0.0,0,0.0,0.0,0.0,4,-3.0,0,0.0,41,86,433.0,2,110.0,55.0
327,S.Ryan,2009,REG,0,0,0.0,0,0.0,0.0,0.0,0,0.0,0,0.0,14,27,135.0,2,48.0,25.5
328,M.Turner,2009,REG,0,0,0.0,0,0.0,0.0,0.0,178,871.0,10,4.0,5,7,35.0,0,27.0,146.60000000000002
329,M.Turner,2010,REG,0,0,0.0,0,0.0,0.0,0.0,334,1371.0,12,2.0,12,20,85.0,0,89.0,213.6
330,J.Jones,2009,REG,0,0,0.0,0,0.0,0.0,0.0,177,663.0,2,0.0,35,43,232.0,2,345.0,113.5
331,J.Jones,2010,REG,0,0,0.0,0,0.0,0.0,0.0,60,223.0,0,1.0,17,22,59.0,0,112.0,26.200000000000003
332,B.Hartsock,2009,REG,0,0,0.0,0,0.0,0.0,0.0,0,0.0,0,0.0,1,4,2.0,1,0.0,6.2
333,B.Hartsock,2010,REG,0,0,0.0,0,0.0,0.0,0.0,0,0.0,0,0.0,1,3,7.0,0,1.0,0.7000000000000001
334,L.McCown,2009,REG,1,3,2.0,0,0.0,2.0,19.0,0,0.0,0,0.0,0,0,0.0,0,0.0,0.08
335,L.McCown,2010,REG,11,19,120.0,0,0.0,0.0,190.0,1,4.0,0,0.0,0,0,0.0,0,0.0,5.2
336,M.Jones,2009,REG,0,0,0.0,0,0.0,0.0,0.0,0,0.0,0,0.0,1,2,9.0,0,2.0,0.9
337,G.Jones,2009,REG,0,0,0.0,0,0.0,0.0,0.0,4,23.0,0,0.0,5,10,14.0,0,14.0,3.7
338,G.Jones,2010,REG,0,0,0.0,0,0.0,0.0,0.0,2,4.0,0,0.0,11,11,47.0,0,42.0,5.1000000000000005
339,E.Wilford,2009,REG,0,0,0.0,0,0.0,0.0,0.0,0,0.0,0,0.0,11,21,123.0,1,44.0,18.3
340,E.Wilford,2010,REG,0,0,0.0,0,0.0,0.0,0.0,0,0.0,0,0.0,1,2,3.0,0,0.0,0.30000000000000004
341,R.Williams,2009,REG,0,0,0.0,0,0.0,0.0,0.0,0,0.0,0,0.0,38,86,596.0,7,207.0,99.6
342,R.Williams,2010,REG,0,0,0.0,0,0.0,0.0,0.0,0,0.0,0,0.0,37,64,530.0,5,197.0,81.0
343,L.Evans,2009,REG,0,0,0.0,0,0.0,0.0,0.0,0,0.0,0,0.0,44,95,612.0,7,96.0,103.2
344,L.Evans,2010,REG,0,0,0.0,0,0.0,0.0,0.0,0,0.0,0,0.0,37,84,578.0,4,120.0,79.8
345,J.Losman,2009,REG,0,1,0.0,0,0.0,0.0,8.0,0,0.0,0,0.0,0,0,0.0,0,0.0,0.0
346,L.Fitzgerald,2009,REG,0,0,0.0,0,0.0,0.0,0.0,0,0.0,0,0.0,97,153,1092.0,13,312.0,187.20000000000002
347,L.Fitzgerald,2010,REG,0,0,0.0,0,0.0,0.0,0.0,0,0.0,0,0.0,90,173,1137.0,6,214.0,151.7
348,K.Winslow,2009,REG,0,0,0.0,0,0.0,0.0,0.0,1,7.0,0,0.0,77,127,887.0,5,230.0,119.4
349,K.Winslow,2010,REG,0,0,0.0,0,0.0,0.0,0.0,0,0.0,0,0.0,66,98,730.0,5,231.0,103.0
350,B.Roethlisberger,2009,REG,337,506,4328.0,26,12.0,50.0,4548.0,41,79.0,2,2.0,0,0,0.0,0,0.0,267.02
351,B.Roethlisberger,2010,REG,240,389,3200.0,17,5.0,32.0,3659.0,34,176.0,2,3.0,0,0,0.0,0,0.0,209.6
352,D.Henderson,2009,REG,0,0,0.0,0,0.0,0.0,0.0,4,13.0,0,0.0,51,83,804.0,2,335.0,93.7
353,D.Henderson,2010,REG,0,0,0.0,0,0.0,0.0,0.0,3,8.0,0,0.0,34,59,464.0,1,130.0,53.2
354,P.Rivers,2009,REG,317,486,4254.0,28,9.0,25.0,4730.0,26,50.0,1,0.0,0,0,0.0,0,0.0,269.16
355,P.Rivers,2010,REG,357,541,4710.0,30,13.0,38.0,4612.0,29,52.0,0,3.0,0,0,0.0,0,0.0,281.6
356,B.Watson,2009,REG,0,0,0.0,0,0.0,0.0,0.0,0,0.0,0,0.0,29,41,404.0,5,93.0,70.4
357,B.Watson,2010,REG,0,0,0.0,0,0.0,0.0,0.0,1,-1.0,0,0.0,68,102,763.0,3,263.0,94.2
358,R.Grant,2009,REG,0,0,0.0,0,0.0,0.0,0.0,282,1253.0,11,0.0,25,30,197.0,0,195.0,209.0
359,R.Grant,2010,REG,0,0,0.0,0,0.0,0.0,0.0,8,45.0,0,0.0,0,0,0.0,0,0.0,4.5
360,J.Kuhn,2009,REG,0,0,0.0,0,0.0,0.0,0.0,8,18.0,1,0.0,7,7,47.0,2,37.0,24.5
361,J.Kuhn,2010,REG,0,0,0.0,0,0.0,0.0,0.0,84,281.0,4,1.0,15,18,97.0,2,109.0,73.8
362,L.Weaver,2009,REG,0,0,0.0,0,0.0,0.0,0.0,70,323.0,2,0.0,15,26,140.0,2,105.0,70.3
363,L.Weaver,2010,REG,0,0,0.0,0,0.0,0.0,0.0,1,0.0,0,0.0,0,0,0.0,0,0.0,0.0
364,S.Gado,2009,REG,0,0,0.0,0,0.0,0.0,0.0,14,26.0,0,0.0,3,3,25.0,0,20.0,5.1000000000000005
365,S.Spach,2009,REG,0,0,0.0,0,0.0,0.0,0.0,0,0.0,0,0.0,4,10,38.0,0,25.0,3.8000000000000003
366,S.Spach,2010,REG,0,0,0.0,0,0.0,0.0,0.0,0,0.0,0,0.0,7,17,40.0,0,20.0,4.0
367,J.Cribbs,2009,REG,1,4,18.0,0,1.0,0.0,51.0,55,381.0,1,1.0,20,37,135.0,1,83.0,82.32
368,J.Cribbs,2010,REG,2,3,19.0,0,0.0,1.0,25.0,20,66.0,0,1.0,23,39,292.0,1,139.0,42.56
369,T.Humphrey,2009,REG,0,0,0.0,0,0.0,0.0,0.0,0,0.0,0,0.0,1,1,7.0,0,6.0,0.7000000000000001
370,T.Humphrey,2010,REG,0,0,0.0,0,0.0,0.0,0.0,0,0.0,0,0.0,1,2,12.0,0,12.0,1.2000000000000002
371,K.Eckel,2009,REG,0,0,0.0,0,0.0,0.0,0.0,2,6.0,0,0.0,2,3,14.0,0,15.0,2.0
372,L.Moore,2009,REG,0,0,0.0,0,0.0,0.0,0.0,0,0.0,0,0.0,14,19,153.0,2,40.0,27.3
373,L.Moore,2010,REG,0,0,0.0,0,0.0,0.0,0.0,0,0.0,0,0.0,66,94,763.0,8,290.0,122.3
374,N.Washington,2009,REG,0,0,0.0,0,0.0,0.0,0.0,2,15.0,0,0.0,47,95,569.0,6,104.0,94.4
375,N.Washington,2010,REG,0,0,0.0,0,0.0,0.0,0.0,1,-8.0,0,0.0,42,94,687.0,6,114.0,103.9
376,G.Camarillo,2009,REG,0,0,0.0,0,0.0,0.0,0.0,0,0.0,0,0.0,50,71,552.0,0,99.0,55.2
377,G.Camarillo,2010,REG,0,0,0.0,0,0.0,0.0,0.0,0,0.0,0,0.0,20,34,240.0,1,87.0,30.000000000000004
378,R.Davis,2009,REG,0,0,0.0,0,0.0,0.0,0.0,0,0.0,0,0.0,5,8,35.0,0,5.0,3.5
379,R.Davis,2010,REG,0,0,0.0,0,0.0,0.0,0.0,0,0.0,0,0.0,9,13,84.0,1,26.0,14.400000000000002
380,A.Smith,2009,REG,225,372,2350.0,18,12.0,22.0,2543.0,24,51.0,0,0.0,1,1,-6.0,0,0.0,144.5
381,A.Smith,2010,REG,204,342,2370.0,14,10.0,25.0,2542.0,18,60.0,0,0.0,0,0,0.0,0,0.0,134.8
382,R.Brown,2009,REG,2,6,22.0,1,0.0,1.0,50.0,147,648.0,8,1.0,14,20,98.0,0,80.0,125.48
383,R.Brown,2010,REG,0,2,0.0,0,0.0,0.0,37.0,200,734.0,5,3.0,33,42,242.0,0,204.0,123.60000000000001
384,B.Edwards,2009,REG,0,1,0.0,0,0.0,0.0,17.0,0,0.0,0,0.0,45,94,680.0,4,186.0,92.0
385,B.Edwards,2010,REG,0,0,0.0,0,0.0,0.0,0.0,1,4.0,0,0.0,53,101,904.0,7,285.0,132.8
386,C.Benson,2009,REG,0,0,0.0,0,0.0,0.0,0.0,301,1251.0,6,1.0,17,24,111.0,0,117.0,172.20000000000002
387,C.Benson,2010,REG,0,0,0.0,0,0.0,0.0,0.0,321,1111.0,7,7.0,28,37,178.0,1,179.0,168.9
388,C.Williams,2009,REG,0,0,0.0,0,0.0,0.0,0.0,209,816.0,4,1.0,29,40,219.0,3,184.0,145.5
389,C.Williams,2010,REG,0,0,0.0,0,0.0,0.0,0.0,125,437.0,2,1.0,46,64,355.0,1,317.0,95.2
390,T.Williamson,2009,REG,0,0,0.0,0,0.0,0.0,0.0,0,0.0,0,0.0,3,4,34.0,0,10.0,1.4000000000000004
391,A.Rolle,2009,REG,0,0,0.0,0,0.0,0.0,0.0,1,9.0,0,0.0,0,0,0.0,0,0.0,0.9
392,M.Williams,2010,REG,0,0,0.0,0,0.0,0.0,0.0,1,0.0,0,0.0,65,110,751.0,2,214.0,87.10000000000001
393,M.Clayton,2009,REG,1,1,0.0,0,0.0,0.0,0.0,4,28.0,0,0.0,34,74,480.0,2,78.0,60.8
394,M.Clayton,2010,REG,0,0,0.0,0,0.0,0.0,0.0,1,6.0,0,0.0,23,42,306.0,2,98.0,43.2
395,A.Rodgers,2009,REG,350,541,4434.0,30,7.0,49.0,4984.0,59,304.0,5,3.0,0,0,0.0,0,0.0,341.76
396,A.Rodgers,2010,REG,312,475,3922.0,28,11.0,31.0,4419.0,64,356.0,4,2.0,0,0,0.0,0,0.0,304.48
397,J.Campbell,2009,REG,327,507,3618.0,20,15.0,42.0,3337.0,47,236.0,1,5.0,0,0,0.0,0,0.0,218.32000000000002
398,J.Campbell,2010,REG,194,329,2387.0,13,8.0,33.0,2792.0,47,222.0,1,3.0,0,0,0.0,0,0.0,157.68
399,R.White,2009,REG,0,0,0.0,0,0.0,0.0,0.0,1,2.0,0,0.0,85,165,1153.0,11,397.0,181.5
400,R.White,2010,REG,0,0,0.0,0,0.0,0.0,0.0,1,3.0,0,0.0,115,179,1389.0,10,360.0,201.20000000000002
401,H.Miller,2009,REG,0,0,0.0,0,0.0,0.0,0.0,0,0.0,0,0.0,76,98,789.0,6,431.0,114.9
402,H.Miller,2010,REG,0,0,0.0,0,0.0,0.0,0.0,0,0.0,0,0.0,42,67,512.0,2,225.0,61.2
403,R.Brown,2009,REG,0,0,0.0,0,0.0,0.0,0.0,1,-3.0,0,0.0,9,24,155.0,0,36.0,15.200000000000001
404,M.Bradley,2009,REG,1,1,26.0,0,0.0,0.0,14.0,2,20.0,0,0.0,24,57,320.0,2,105.0,47.04
405,N.Collins,2010,REG,0,0,0.0,0,0.0,0.0,0.0,0,0.0,0,0.0,0,0,0.0,0,0.0,6.0
406,K.Barnes,2010,REG,0,0,0.0,0,0.0,0.0,0.0,0,0.0,0,0.0,2,2,8.0,1,2.0,6.800000000000001
407,R.Parrish,2009,REG,0,0,0.0,0,0.0,0.0,0.0,2,4.0,0,0.0,3,4,18.0,0,18.0,2.2
408,R.Parrish,2010,REG,0,0,0.0,0,0.0,0.0,0.0,3,23.0,0,0.0,33,53,400.0,2,117.0,54.300000000000004
409,V.Jackson,2009,REG,0,0,0.0,0,0.0,0.0,0.0,3,11.0,0,0.0,68,107,1167.0,9,182.0,171.8
410,V.Jackson,2010,REG,0,0,0.0,0,0.0,0.0,0.0,1,14.0,0,0.0,14,24,248.0,3,48.0,44.2
411,F.Gore,2009,REG,0,0,0.0,0,0.0,0.0,0.0,229,1120.0,10,3.0,52,75,406.0,3,410.0,226.6
412,F.Gore,2010,REG,0,0,0.0,0,0.0,0.0,0.0,203,853.0,3,3.0,46,72,452.0,2,449.0,156.5
413,C.Frye,2009,REG,53,87,581.0,1,4.0,5.0,699.0,4,41.0,0,0.0,0,0,0.0,0,0.0,23.34
414,C.Roby,2009,REG,0,0,0.0,0,0.0,0.0,0.0,0,0.0,0,0.0,1,1,6.0,0,2.0,6.6
415,A.Smith,2009,REG,0,0,0.0,0,0.0,0.0,0.0,0,0.0,0,0.0,3,8,25.0,0,14.0,2.5
416,A.Smith,2010,REG,0,0,0.0,0,0.0,0.0,0.0,0,0.0,0,0.0,1,1,6.0,0,3.0,0.6000000000000001
417,R.Moats,2009,REG,0,0,0.0,0,0.0,0.0,0.0,101,390.0,4,2.0,13,15,106.0,1,100.0,75.60000000000001
418,C.Henry,2009,REG,0,0,0.0,0,0.0,0.0,0.0,0,0.0,0,0.0,12,23,236.0,2,101.0,35.6
419,A.Snyder,2010,REG,0,0,0.0,0,0.0,0.0,0.0,0,0.0,0,0.0,0,1,0.0,0,0.0,0.0
420,B.Jones,2009,REG,0,0,0.0,0,0.0,0.0,0.0,0,0.0,0,0.0,1,5,18.0,0,0.0,1.8
421,D.Colquitt,2009,REG,0,0,0.0,0,0.0,0.0,0.0,1,0.0,0,0.0,0,0,0.0,0,0.0,0.0
422,K.Orton,2009,REG,336,541,3802.0,21,12.0,29.0,3806.0,24,71.0,0,1.0,0,0,0.0,0,0.0,215.18
423,K.Orton,2010,REG,293,498,3653.0,20,9.0,34.0,4579.0,22,98.0,0,3.0,0,0,0.0,0,0.0,209.92000000000002
424,M.Barber,2009,REG,0,0,0.0,0,0.0,0.0,0.0,214,932.0,7,1.0,26,36,221.0,0,198.0,153.3
425,M.Barber,2010,REG,0,1,0.0,0,0.0,0.0,12.0,113,374.0,4,0.0,11,15,49.0,0,76.0,66.3
426,B.Jacobs,2009,REG,0,0,0.0,0,0.0,0.0,0.0,224,835.0,5,2.0,18,31,184.0,1,225.0,135.9
427,B.Jacobs,2010,REG,0,0,0.0,0,0.0,0.0,0.0,147,823.0,9,2.0,7,13,59.0,0,35.0,138.20000000000002
428,T.Herremans,2010,REG,0,0,0.0,0,0.0,0.0,0.0,0,0.0,0,0.0,1,1,2.0,1,0.0,6.2
429,D.Sproles,2009,REG,0,0,0.0,0,0.0,0.0,0.0,93,343.0,3,0.0,45,57,497.0,4,517.0,132.0
430,D.Sproles,2010,REG,0,0,0.0,0,0.0,0.0,0.0,51,270.0,0,1.0,59,75,520.0,2,486.0,89.0
431,R.Williams,2010,REG,0,0,0.0,0,0.0,0.0,0.0,0,0.0,0,0.0,8,18,109.0,0,59.0,10.9
432,T.Hagler,2010,REG,0,0,0.0,0,0.0,0.0,0.0,0,0.0,0,0.0,0,0,0.0,0,0.0,6.0
433,B.Scaife,2009,REG,0,0,0.0,0,0.0,0.0,0.0,0,0.0,0,0.0,45,70,440.0,1,182.0,48.00000000000001
434,B.Scaife,2010,REG,0,0,0.0,0,0.0,0.0,0.0,0,0.0,0,0.0,36,52,318.0,4,95.0,53.800000000000004
435,W.Svitek,2009,REG,0,0,0.0,0,0.0,0.0,0.0,0,0.0,0,0.0,0,1,0.0,0,0.0,0.0
436,J.Dreessen,2009,REG,0,0,0.0,0,0.0,0.0,0.0,0,0.0,0,0.0,26,39,320.0,1,150.0,38.0
437,J.Dreessen,2010,REG,0,0,0.0,0,0.0,0.0,0.0,0,0.0,0,0.0,36,55,518.0,4,182.0,73.80000000000001
438,R.Hodges,2009,REG,0,0,0.0,0,0.0,0.0,0.0,1,0.0,0,0.0,0,0,0.0,0,0.0,0.0
439,R.Hodges,2010,REG,0,0,0.0,0,0.0,0.0,0.0,1,68.0,0,0.0,0,0,0.0,0,0.0,6.800000000000001
440,D.Anderson,2009,REG,81,182,888.0,3,10.0,11.0,1522.0,10,8.0,2,2.0,0,0,0.0,0,0.0,34.32
441,D.Anderson,2010,REG,169,327,2065.0,7,10.0,25.0,3260.0,5,25.0,0,1.0,0,0,0.0,0,0.0,89.10000000000001
442,M.Cassel,2009,REG,272,494,2924.0,16,16.0,42.0,3972.0,50,196.0,0,9.0,0,1,0.0,0,0.0,164.56
443,M.Cassel,2010,REG,262,450,3116.0,27,7.0,26.0,3660.0,33,125.0,0,1.0,0,0,0.0,0,0.0,229.14000000000001
444,B.Bajema,2009,REG,0,0,0.0,0,0.0,0.0,0.0,0,0.0,0,0.0,8,11,94.0,0,38.0,9.4
445,B.Bajema,2010,REG,0,0,0.0,0,0.0,0.0,0.0,0,0.0,0,0.0,14,24,145.0,2,73.0,26.5
446,R.Fitzpatrick,2009,REG,127,227,1422.0,9,10.0,22.0,2045.0,31,141.0,1,1.0,0,0,0.0,0,0.0,88.98
447,R.Fitzpatrick,2010,REG,255,441,3000.0,23,15.0,24.0,3975.0,40,269.0,0,4.0,0,0,0.0,0,0.0,198.9
448,M.Hedgecock,2009,REG,0,0,0.0,0,0.0,0.0,0.0,0,0.0,0,0.0,4,9,23.0,1,20.0,8.3
449,M.Hedgecock,2010,REG,0,0,0.0,0,0.0,0.0,0.0,0,0.0,0,0.0,2,2,8.0,0,10.0,0.8
450,T.Gafford,2009,REG,0,0,0.0,0,0.0,0.0,0.0,0,0.0,0,0.0,0,1,0.0,0,0.0,0.0
451,J.Ryan,2009,REG,1,1,42.0,0,0.0,0.0,18.0,1,0.0,0,0.0,0,0,0.0,0,0.0,1.68
452,J.Ryan,2010,REG,0,0,0.0,0,0.0,0.0,0.0,1,-9.0,0,0.0,0,0,0.0,0,0.0,-0.9
453,D.Fells,2009,REG,0,0,0.0,0,0.0,0.0,0.0,0,0.0,0,0.0,21,35,273.0,3,131.0,43.3
454,D.Fells,2010,REG,0,0,0.0,0,0.0,0.0,0.0,0,0.0,0,0.0,41,65,391.0,2,267.0,51.1
455,N.Tahi,2009,REG,0,0,0.0,0,0.0,0.0,0.0,3,5.0,0,0.0,10,12,67.0,1,68.0,13.2
456,N.Tahi,2010,REG,0,0,0.0,0,0.0,0.0,0.0,1,1.0,0,0.0,6,6,39.0,1,36.0,10.0
457,G.Estandia,2009,REG,0,0,0.0,0,0.0,0.0,0.0,0,0.0,0,0.0,4,13,45.0,0,7.0,4.5
458,B.Clark,2009,REG,0,0,0.0,0,0.0,0.0,0.0,0,0.0,0,0.0,6,18,65.0,0,14.0,6.5
459,B.Clark,2010,REG,0,0,0.0,0,0.0,0.0,0.0,0,0.0,0,0.0,0,1,0.0,0,0.0,0.0
460,D.Johnson,2009,REG,0,0,0.0,0,0.0,0.0,0.0,0,0.0,0,0.0,5,7,32.0,0,6.0,3.2
461,D.Johnson,2010,REG,0,0,0.0,0,0.0,0.0,0.0,0,0.0,0,0.0,0,2,0.0,0,0.0,0.0
462,S.Havner,2009,REG,0,0,0.0,0,0.0,0.0,0.0,0,0.0,0,0.0,7,10,112.0,4,63.0,35.2
463,D.Penn,2009,REG,0,0,0.0,0,0.0,0.0,0.0,0,0.0,0,0.0,1,1,15.0,0,15.0,1.5
464,D.Penn,2010,REG,0,0,0.0,0,0.0,0.0,0.0,0,0.0,0,0.0,1,1,1.0,1,0.0,6.1
465,D.Roland,2009,REG,0,0,0.0,0,0.0,0.0,0.0,0,0.0,0,0.0,0,1,0.0,0,0.0,0.0
466,M.Austin,2009,REG,0,0,0.0,0,0.0,0.0,0.0,2,-2.0,0,0.0,81,124,1320.0,11,640.0,197.8
467,M.Austin,2010,REG,0,0,0.0,0,0.0,0.0,0.0,7,93.0,1,0.0,69,119,1041.0,7,429.0,159.4
468,S.Hurd,2009,REG,0,0,0.0,0,0.0,0.0,0.0,0,0.0,0,0.0,7,12,121.0,1,88.0,18.1
469,S.Hurd,2010,REG,0,0,0.0,0,0.0,0.0,0.0,0,0.0,0,0.0,14,23,120.0,0,67.0,12.0
470,M.Spurlock,2009,REG,0,1,0.0,0,0.0,0.0,18.0,1,3.0,0,1.0,0,0,0.0,0,0.0,6.3
471,M.Spurlock,2010,REG,0,3,0.0,0,0.0,0.0,27.0,0,0.0,0,0.0,17,33,250.0,2,33.0,43.0
472,M.Bell,2009,REG,0,0,0.0,0,0.0,0.0,0.0,172,654.0,5,2.0,4,4,12.0,0,10.0,92.6
473,M.Bell,2010,REG,0,0,0.0,0,0.0,0.0,0.0,47,99.0,0,1.0,7,10,67.0,0,48.0,16.6
474,H.Baskett,2009,REG,0,0,0.0,0,0.0,0.0,0.0,0,0.0,0,0.0,5,12,34.0,0,3.0,3.4000000000000004
475,H.Baskett,2010,REG,0,0,0.0,0,0.0,0.0,0.0,0,0.0,0,0.0,1,4,18.0,0,6.0,1.8
476,M.Owens,2009,REG,0,0,0.0,0,0.0,0.0,0.0,2,1.0,0,0.0,0,1,0.0,0,0.0,0.10000000000000003
477,S.Weatherford,2009,REG,0,1,0.0,0,1.0,0.0,-3.0,2,42.0,0,0.0,0,0,0.0,0,0.0,2.2
478,S.Weatherford,2010,REG,0,0,0.0,0,0.0,0.0,0.0,1,17.0,0,0.0,0,0,0.0,0,0.0,1.7000000000000002
479,W.Wright,2009,REG,0,0,0.0,0,0.0,0.0,0.0,0,0.0,0,0.0,2,3,21.0,0,2.0,2.1
480,P.Cobbs,2009,REG,0,0,0.0,0,0.0,0.0,0.0,6,36.0,0,0.0,3,4,23.0,0,17.0,5.9
481,P.Cobbs,2010,REG,0,0,0.0,0,0.0,0.0,0.0,4,0.0,0,0.0,8,19,91.0,2,27.0,21.099999999999998
482,H.Eugene,2010,REG,0,0,0.0,0,0.0,0.0,0.0,0,0.0,0,0.0,0,0,0.0,0,0.0,6.0
483,F.Jackson,2009,REG,1,1,27.0,1,0.0,0.0,27.0,238,1062.0,2,2.0,46,60,371.0,2,386.0,168.38
484,F.Jackson,2010,REG,0,0,0.0,0,0.0,0.0,0.0,222,927.0,5,4.0,31,54,215.0,2,242.0,152.2
485,R.Bush,2009,REG,0,0,0.0,0,0.0,0.0,0.0,70,390.0,5,2.0,47,68,335.0,3,275.0,118.5
486,R.Bush,2010,REG,0,0,0.0,0,0.0,0.0,0.0,36,150.0,0,0.0,34,42,208.0,1,202.0,41.8
487,V.Young,2009,REG,152,259,1879.0,10,7.0,9.0,2481.0,55,281.0,2,7.0,0,0,0.0,0,0.0,137.26
488,V.Young,2010,REG,93,156,1255.0,10,3.0,13.0,1831.0,25,125.0,0,3.0,0,0,0.0,0,0.0,88.7
489,V.Davis,2009,REG,0,0,0.0,0,0.0,0.0,0.0,0,0.0,0,0.0,78,129,965.0,13,323.0,174.5
490,V.Davis,2010,REG,0,0,0.0,0,0.0,0.0,0.0,0,0.0,0,0.0,56,93,914.0,7,422.0,135.4
491,M.Leinart,2009,REG,51,77,435.0,0,3.0,2.0,623.0,9,-6.0,0,1.0,0,0,0.0,0,0.0,10.8
492,J.Cutler,2009,REG,336,555,3666.0,27,26.0,34.0,4562.0,41,172.0,1,4.0,0,0,0.0,0,0.0,227.84
493,J.Cutler,2010,REG,261,432,3274.0,23,16.0,52.0,3906.0,50,232.0,1,1.0,0,0,0.0,0,0.0,210.16
494,L.Maroney,2009,REG,0,0,0.0,0,0.0,0.0,0.0,194,757.0,9,3.0,14,17,99.0,0,109.0,131.6
495,L.Maroney,2010,REG,0,0,0.0,0,0.0,0.0,0.0,36,74.0,0,1.0,4,7,50.0,0,51.0,12.4
496,S.Holmes,2009,REG,0,1,0.0,0,1.0,0.0,34.0,3,6.0,0,0.0,79,138,1248.0,5,483.0,153.4
497,S.Holmes,2010,REG,0,0,0.0,0,0.0,0.0,0.0,2,17.0,0,2.0,52,96,746.0,6,216.0,108.30000000000001
498,D.Williams,2009,REG,0,0,0.0,0,0.0,0.0,0.0,216,1117.0,7,3.0,29,41,252.0,0,172.0,174.9
499,D.Williams,2010,REG,0,0,0.0,0,0.0,0.0,0.0,87,361.0,1,1.0,11,13,61.0,0,69.0,46.2
500,M.Lewis,2009,REG,0,0,0.0,0,0.0,0.0,0.0,0,0.0,0,0.0,32,59,518.0,2,166.0,63.800000000000004
501,M.Lewis,2010,REG,0,0,0.0,0,0.0,0.0,0.0,0,0.0,0,0.0,58,89,700.0,10,261.0,126.0
502,J.Addai,2009,REG,1,1,22.0,1,0.0,0.0,22.0,219,828.0,10,1.0,51,63,336.0,3,305.0,197.28
503,J.Addai,2010,REG,0,0,0.0,0,0.0,0.0,0.0,116,495.0,4,2.0,19,26,124.0,0,95.0,83.9
504,S.Moss,2009,REG,0,0,0.0,0,0.0,0.0,0.0,0,0.0,0,0.0,1,4,18.0,1,0.0,7.8
505,L.White,2009,REG,0,0,0.0,0,0.0,0.0,0.0,64,222.0,2,1.0,3,5,14.0,0,14.0,33.6
506,J.Klopfenstein,2009,REG,0,0,0.0,0,0.0,0.0,0.0,0,0.0,0,0.0,1,2,11.0,0,5.0,1.1
507,K.Clemens,2009,REG,13,26,125.0,0,0.0,4.0,217.0,12,1.0,0,1.0,0,0,0.0,0,0.0,5.1000000000000005
508,K.Clemens,2010,REG,1,2,6.0,0,0.0,0.0,20.0,2,9.0,1,0.0,0,0,0.0,0,0.0,7.140000000000001
509,G.Jennings,2009,REG,0,0,0.0,0,0.0,0.0,0.0,0,0.0,0,0.0,69,119,1120.0,4,465.0,140.0
510,G.Jennings,2010,REG,0,0,0.0,0,0.0,0.0,0.0,1,-1.0,0,0.0,76,125,1265.0,12,401.0,198.4
511,A.Fasano,2009,REG,0,0,0.0,0,0.0,0.0,0.0,0,0.0,0,0.0,31,54,339.0,2,108.0,41.9
512,A.Fasano,2010,REG,0,0,0.0,0,0.0,0.0,0.0,0,0.0,0,0.0,39,60,528.0,4,198.0,76.80000000000001
513,A.Whitworth,2010,REG,0,0,0.0,0,0.0,0.0,0.0,0,0.0,0,0.0,1,1,1.0,1,0.0,6.1
514,D.Hester,2009,REG,0,0,0.0,0,0.0,0.0,0.0,6,-1.0,0,1.0,57,91,757.0,3,293.0,91.60000000000001
515,D.Hester,2010,REG,0,0,0.0,0,0.0,0.0,0.0,7,30.0,0,0.0,40,73,475.0,4,221.0,92.5
516,M.Jones-Drew,2009,REG,0,0,0.0,0,0.0,0.0,0.0,312,1391.0,15,2.0,53,71,374.0,1,377.0,270.5
517,M.Jones-Drew,2010,REG,0,1,0.0,0,1.0,0.0,23.0,299,1324.0,5,2.0,34,44,317.0,2,323.0,200.1
518,T.Scheffler,2009,REG,0,0,0.0,0,0.0,0.0,0.0,0,0.0,0,0.0,31,50,416.0,2,173.0,53.60000000000001
519,T.Scheffler,2010,REG,0,0,0.0,0,0.0,0.0,0.0,0,0.0,0,0.0,45,72,378.0,1,149.0,41.800000000000004
520,T.Jackson,2009,REG,14,21,201.0,1,0.0,0.0,71.0,17,-10.0,0,0.0,0,0,0.0,0,0.0,11.04
521,T.Jackson,2010,REG,34,58,341.0,3,4.0,6.0,498.0,7,63.0,0,1.0,0,0,0.0,0,0.0,25.939999999999998
522,L.Pope,2009,REG,0,0,0.0,0,0.0,0.0,0.0,0,0.0,0,0.0,20,30,174.0,1,84.0,23.400000000000002
523,L.Pope,2010,REG,0,0,0.0,0,0.0,0.0,0.0,0,0.0,0,0.0,10,19,76.0,2,34.0,19.6
524,J.Norwood,2009,REG,0,0,0.0,0,0.0,0.0,0.0,76,252.0,0,0.0,19,22,186.0,1,148.0,47.800000000000004
525,J.Norwood,2010,REG,0,0,0.0,0,0.0,0.0,0.0,2,8.0,0,0.0,1,3,9.0,0,11.0,1.7000000000000002
526,C.Whitehurst,2010,REG,57,99,507.0,2,3.0,5.0,700.0,20,43.0,1,1.0,0,0,0.0,0,0.0,36.58
527,D.Hagan,2009,REG,0,0,0.0,0,0.0,0.0,0.0,0,0.0,0,0.0,8,8,101.0,1,2.0,16.1
528,D.Hagan,2010,REG,0,0,0.0,0,0.0,0.0,0.0,0,0.0,0,0.0,24,43,223.0,1,32.0,28.3
529,B.Croyle,2009,REG,23,40,230.0,2,0.0,3.0,304.0,0,0.0,0,0.0,0,0,0.0,0,0.0,17.2
530,B.Croyle,2010,REG,8,19,38.0,0,1.0,4.0,213.0,0,0.0,0,0.0,0,0,0.0,0,0.0,-0.48
531,D.Thomas,2009,REG,0,0,0.0,0,0.0,0.0,0.0,0,0.0,0,0.0,35,49,356.0,1,187.0,41.6
532,D.Thomas,2010,REG,0,0,0.0,0,0.0,0.0,0.0,0,0.0,0,0.0,30,46,219.0,2,132.0,33.900000000000006
533,M.Stovall,2009,REG,0,0,0.0,0,0.0,0.0,0.0,0,0.0,0,0.0,24,47,366.0,1,99.0,42.6
534,M.Stovall,2010,REG,0,0,0.0,0,0.0,0.0,0.0,0,0.0,0,0.0,7,9,81.0,1,56.0,14.100000000000001
535,E.Smith,2009,REG,0,0,0.0,0,0.0,0.0,0.0,0,0.0,0,0.0,1,1,27.0,0,24.0,2.7
536,O.Daniels,2009,REG,0,0,0.0,0,0.0,0.0,0.0,0,0.0,0,0.0,40,58,519.0,5,223.0,81.9
537,O.Daniels,2010,REG,0,0,0.0,0,0.0,0.0,0.0,0,0.0,0,0.0,38,68,471.0,2,249.0,59.1
538,M.Robinson,2009,REG,0,0,0.0,0,0.0,0.0,0.0,3,2.0,0,0.0,6,11,24.0,0,20.0,2.6
539,M.Robinson,2010,REG,1,1,28.0,0,0.0,0.0,23.0,12,77.0,0,0.0,8,13,37.0,0,44.0,12.520000000000001
540,B.Smith,2009,REG,1,1,27.0,0,0.0,0.0,3.0,18,207.0,1,0.0,7,12,63.0,0,49.0,46.08
541,B.Smith,2010,REG,2,3,6.0,1,0.0,0.0,37.0,38,299.0,1,1.0,4,7,44.0,0,10.0,54.54
542,G.Mills,2010,REG,0,0,0.0,0,0.0,0.0,0.0,0,0.0,0,0.0,2,3,19.0,0,1.0,1.9000000000000001
543,J.Avant,2009,REG,0,0,0.0,0,0.0,0.0,0.0,0,0.0,0,0.0,41,58,587.0,3,192.0,78.7
544,J.Avant,2010,REG,0,0,0.0,0,0.0,0.0,0.0,0,0.0,0,0.0,51,75,573.0,1,156.0,65.30000000000001
545,D.Williams,2009,REG,0,0,0.0,0,0.0,0.0,0.0,0,0.0,0,0.0,8,17,142.0,1,4.0,20.2
546,D.Williams,2010,REG,0,0,0.0,0,0.0,0.0,0.0,0,0.0,0,0.0,0,2,0.0,0,0.0,0.0
547,L.Washington,2009,REG,0,0,0.0,0,0.0,0.0,0.0,71,330.0,0,1.0,15,26,131.0,0,109.0,44.1
548,L.Washington,2010,REG,0,0,0.0,0,0.0,1.0,0.0,27,100.0,1,0.0,9,13,79.0,0,68.0,41.9
549,B.Marshall,2009,REG,0,0,0.0,0,0.0,0.0,0.0,7,39.0,0,0.0,101,154,1120.0,10,515.0,175.9
550,B.Marshall,2010,REG,0,1,0.0,0,0.0,0.0,45.0,2,3.0,0,0.0,86,146,1014.0,3,237.0,117.70000000000002
551,D.Hixon,2009,REG,0,0,0.0,0,0.0,0.0,0.0,0,0.0,0,0.0,15,28,187.0,1,101.0,30.700000000000003
552,J.Harrison,2009,REG,0,0,0.0,0,0.0,0.0,0.0,194,862.0,5,2.0,34,50,220.0,2,238.0,146.20000000000002
553,J.Harrison,2010,REG,0,0,0.0,0,0.0,0.0,0.0,71,330.0,1,2.0,12,13,85.0,0,80.0,45.5
554,J.King,2009,REG,0,0,0.0,0,0.0,0.0,0.0,0,0.0,0,0.0,25,33,200.0,3,69.0,38.0
555,J.King,2010,REG,0,0,0.0,0,0.0,0.0,0.0,0,0.0,0,0.0,19,32,121.0,2,34.0,24.1
556,D.Walker,2009,REG,0,0,0.0,0,0.0,0.0,0.0,3,34.0,0,0.0,19,31,227.0,0,159.0,24.1
557,D.Walker,2009,REG,0,0,0.0,0,0.0,0.0,0.0,3,34.0,0,0.0,19,31,227.0,0,159.0,24.1
558,D.Walker,2010,REG,0,0,0.0,0,0.0,0.0,0.0,1,5.0,0,0.0,10,18,74.0,0,56.0,7.9
559,D.Walker,2010,REG,0,0,0.0,0,0.0,0.0,0.0,1,5.0,0,0.0,10,18,74.0,0,56.0,7.9
560,Del.Walker,2010,REG,0,0,0.0,0,0.0,0.0,0.0,2,13.0,0,0.0,19,27,257.0,0,110.0,25.0
561,Del.Walker,2010,REG,0,0,0.0,0,0.0,0.0,0.0,2,13.0,0,0.0,19,27,257.0,0,110.0,25.0
562,Delanie.Walker,2009,REG,0,0,0.0,0,0.0,0.0,0.0,0,0.0,0,0.0,2,2,6.0,0,0.0,0.6000000000000001
563,Delanie.Walker,2009,REG,0,0,0.0,0,0.0,0.0,0.0,0,0.0,0,0.0,2,2,6.0,0,0.0,0.6000000000000001
564,K.Boothe,2009,REG,0,0,0.0,0,0.0,0.0,0.0,0,0.0,0,0.0,0,1,0.0,0,0.0,0.0
565,L.Vickers,2009,REG,0,0,0.0,0,0.0,0.0,0.0,0,0.0,0,0.0,8,18,27.0,1,29.0,8.7
566,L.Vickers,2010,REG,0,0,0.0,0,0.0,0.0,0.0,5,11.0,0,0.0,4,9,15.0,0,13.0,2.6
567,B.Gradkowski,2009,REG,82,150,1007.0,6,3.0,11.0,1547.0,18,108.0,0,2.0,0,0,0.0,0,0.0,63.08
568,B.Gradkowski,2010,REG,83,157,1059.0,5,7.0,10.0,1388.0,12,41.0,0,0.0,0,0,0.0,0,0.0,50.46000000000001
569,S.Koch,2010,REG,1,1,13.0,0,0.0,0.0,4.0,1,0.0,0,1.0,0,0,0.0,0,0.0,0.52
570,Z.Strief,2010,REG,0,0,0.0,0,0.0,0.0,0.0,0,0.0,0,0.0,0,1,0.0,0,0.0,0.0
571,T.Watkins,2009,REG,0,0,0.0,0,0.0,0.0,0.0,0,0.0,0,0.0,8,19,90.0,0,22.0,9.0
572,D.Aromashodu,2009,REG,0,0,0.0,0,0.0,0.0,0.0,0,0.0,0,0.0,24,43,298.0,4,79.0,53.800000000000004
573,D.Aromashodu,2010,REG,0,0,0.0,0,0.0,0.0,0.0,0,0.0,0,0.0,10,24,149.0,0,51.0,14.9
574,Q.Ganther,2009,REG,0,0,0.0,0,0.0,0.0,0.0,62,199.0,3,0.0,9,10,99.0,0,114.0,47.800000000000004
575,Q.Ganther,2010,REG,0,0,0.0,0,0.0,0.0,0.0,9,18.0,0,0.0,2,3,9.0,0,5.0,2.7
576,B.Obomanu,2009,REG,0,0,0.0,0,0.0,0.0,0.0,0,0.0,0,0.0,4,5,41.0,0,15.0,4.1000000000000005
577,B.Obomanu,2010,REG,0,0,0.0,0,0.0,0.0,0.0,2,17.0,0,0.0,30,49,494.0,4,169.0,79.1
578,D.Anderson,2009,REG,0,0,0.0,0,0.0,0.0,0.0,0,0.0,0,0.0,38,53,370.0,0,159.0,37.0
579,D.Anderson,2010,REG,0,0,0.0,0,0.0,0.0,0.0,0,0.0,0,0.0,11,18,117.0,0,53.0,11.700000000000001
580,M.Colston,2009,REG,0,0,0.0,0,0.0,0.0,0.0,1,6.0,0,0.0,70,106,1074.0,9,349.0,158.0
581,M.Colston,2010,REG,0,0,0.0,0,0.0,0.0,0.0,1,1.0,0,0.0,84,132,1023.0,7,268.0,144.4
582,A.Hall,2009,REG,0,0,0.0,0,0.0,0.0,0.0,1,5.0,0,1.0,12,16,79.0,0,68.0,4.4
583,A.Hall,2010,REG,0,0,0.0,0,0.0,0.0,0.0,1,1.0,0,0.0,15,20,100.0,0,107.0,10.100000000000001
584,G.Robinson,2009,REG,0,0,0.0,0,0.0,0.0,0.0,0,0.0,0,0.0,9,15,62.0,0,16.0,6.2
585,G.Robinson,2010,REG,0,0,0.0,0,0.0,0.0,0.0,0,0.0,0,0.0,3,7,12.0,1,5.0,7.199999999999999
586,E.Weems,2009,REG,0,0,0.0,0,0.0,0.0,0.0,8,53.0,0,0.0,6,6,50.0,2,22.0,22.3
587,E.Weems,2010,REG,0,0,0.0,0,0.0,0.0,0.0,0,0.0,0,0.0,6,6,61.0,0,22.0,18.1
588,D.Ware,2009,REG,0,0,0.0,0,0.0,0.0,0.0,13,73.0,1,1.0,3,4,15.0,0,28.0,12.8
589,D.Ware,2010,REG,0,0,0.0,0,0.0,0.0,0.0,20,73.0,0,0.0,7,9,67.0,0,61.0,14.000000000000002
590,M.Mason,2009,REG,0,0,0.0,0,0.0,0.0,0.0,32,127.0,0,0.0,6,7,58.0,0,63.0,18.5
591,D.Coats,2009,REG,0,0,0.0,0,0.0,0.0,0.0,0,0.0,0,0.0,16,31,150.0,0,101.0,13.0
592,D.Coats,2010,REG,0,0,0.0,0,0.0,0.0,0.0,0,0.0,0,0.0,0,2,0.0,0,0.0,0.0
593,M.Matthews,2009,REG,0,0,0.0,0,0.0,0.0,0.0,0,0.0,0,0.0,0,1,0.0,0,0.0,0.0
594,D.Zeigler,2010,REG,0,0,0.0,0,0.0,0.0,0.0,0,0.0,0,0.0,9,15,98.0,0,14.0,9.8
595,E.Jones,2009,REG,0,0,0.0,0,0.0,0.0,0.0,0,0.0,0,0.0,1,2,8.0,0,5.0,0.8
596,E.Buckley,2009,REG,0,0,0.0,0,0.0,0.0,0.0,15,44.0,1,0.0,0,0,0.0,0,0.0,10.4
597,E.Buckley,2010,REG,0,0,0.0,0,0.0,0.0,0.0,21,67.0,0,0.0,1,2,10.0,0,5.0,5.7
598,M.Willis,2010,REG,0,0,0.0,0,0.0,0.0,0.0,0,0.0,0,0.0,1,2,17.0,0,0.0,1.7000000000000002
599,T.Palko,2010,REG,4,6,35.0,0,0.0,2.0,23.0,2,5.0,0,0.0,0,0,0.0,0,0.0,1.9000000000000001
600,P.Thomas,2009,REG,0,0,0.0,0,0.0,0.0,0.0,147,793.0,6,1.0,39,45,302.0,2,387.0,155.5
601,P.Thomas,2010,REG,0,0,0.0,0,0.0,0.0,0.0,83,269.0,2,0.0,29,29,201.0,0,255.0,59.0
602,M.Gutierrez,2009,REG,1,1,3.0,0,0.0,0.0,2.0,0,0.0,0,0.0,0,0,0.0,0,0.0,0.12
603,J.Nordin,2009,REG,0,0,0.0,0,0.0,0.0,0.0,0,0.0,0,0.0,2,3,26.0,0,6.0,2.6000000000000005
604,G.Russell,2009,REG,0,0,0.0,0,0.0,0.0,0.0,3,0.0,0,0.0,12,15,96.0,0,101.0,9.6
605,J.Russell,2009,REG,120,246,1287.0,3,11.0,32.0,2387.0,19,45.0,0,0.0,0,0,0.0,0,0.0,33.980000000000004
606,C.Johnson,2009,REG,0,0,0.0,0,0.0,0.0,0.0,7,73.0,0,0.0,67,136,984.0,5,329.0,131.7
607,C.Johnson,2010,REG,0,0,0.0,0,0.0,0.0,0.0,4,32.0,0,0.0,77,137,1120.0,12,304.0,189.20000000000002
608,A.Peterson,2009,REG,0,0,0.0,0,0.0,0.0,0.0,315,1389.0,18,6.0,43,57,436.0,0,422.0,278.5
609,A.Peterson,2010,REG,0,0,0.0,0,0.0,0.0,0.0,283,1298.0,12,1.0,36,50,341.0,1,330.0,239.9
610,T.Ginn,2009,REG,0,0,0.0,0,0.0,0.0,0.0,7,48.0,0,0.0,38,78,454.0,1,45.0,68.2
611,T.Ginn,2010,REG,0,0,0.0,0,0.0,0.0,0.0,2,11.0,0,0.0,12,35,163.0,1,21.0,29.400000000000002
612,M.Lynch,2009,REG,0,0,0.0,0,0.0,0.0,0.0,120,450.0,2,3.0,28,37,179.0,0,199.0,72.9
613,M.Lynch,2010,REG,0,0,0.0,0,0.0,0.0,0.0,202,737.0,6,2.0,22,26,145.0,0,142.0,116.2
614,B.Quinn,2009,REG,136,256,1339.0,8,7.0,19.0,2144.0,20,98.0,1,1.0,1,1,18.0,0,6.0,83.16
615,D.Bowe,2009,REG,0,0,0.0,0,0.0,0.0,0.0,0,0.0,0,0.0,47,87,589.0,4,205.0,82.9
616,D.Bowe,2010,REG,0,0,0.0,0,0.0,0.0,0.0,1,4.0,0,0.0,72,133,1162.0,15,361.0,206.60000000000002
617,R.Meachem,2009,REG,0,0,0.0,0,0.0,0.0,0.0,6,82.0,0,0.0,45,64,722.0,9,180.0,132.4
618,R.Meachem,2010,REG,0,0,0.0,0,0.0,0.0,0.0,4,14.0,0,0.0,44,66,638.0,5,130.0,95.2
619,C.Davis,2009,REG,0,0,0.0,0,0.0,0.0,0.0,1,4.0,0,0.0,6,7,52.0,0,23.0,5.6000000000000005
620,C.Davis,2010,REG,0,0,0.0,0,0.0,0.0,0.0,0,0.0,0,0.0,21,39,259.0,1,89.0,31.900000000000002
621,G.Olsen,2009,REG,0,0,0.0,0,0.0,0.0,0.0,0,0.0,0,0.0,60,108,612.0,8,176.0,109.2
622,G.Olsen,2010,REG,0,0,0.0,0,0.0,0.0,0.0,0,0.0,0,0.0,41,70,404.0,5,157.0,68.4
623,A.Gonzalez,2010,REG,0,0,0.0,0,0.0,0.0,0.0,0,0.0,0,0.0,5,9,67.0,0,16.0,6.7
624,K.Kolb,2009,REG,62,96,741.0,4,3.0,4.0,687.0,4,5.0,1,1.0,0,0,0.0,0,0.0,44.14
625,K.Kolb,2010,REG,115,189,1197.0,7,7.0,15.0,1572.0,15,65.0,0,1.0,0,0,0.0,0,0.0,62.38
626,Z.Miller,2009,REG,0,0,0.0,0,0.0,0.0,0.0,0,0.0,0,0.0,66,100,805.0,3,367.0,98.5
627,Z.Miller,2010,REG,0,0,0.0,0,0.0,0.0,0.0,0,0.0,0,0.0,60,92,685.0,5,273.0,98.5
628,J.Blalock,2010,REG,0,0,0.0,0,0.0,0.0,0.0,0,0.0,0,0.0,0,1,0.0,0,0.0,0.0
629,D.Stanton,2009,REG,26,51,259.0,0,6.0,5.0,457.0,9,33.0,1,0.0,0,0,0.0,0,0.0,5.66
630,D.Stanton,2010,REG,69,119,780.0,4,3.0,6.0,844.0,18,113.0,1,0.0,0,0,0.0,0,0.0,56.5
631,S.Rice,2009,REG,0,1,0.0,0,0.0,0.0,8.0,0,0.0,0,0.0,84,122,1312.0,8,375.0,177.20000000000002
632,S.Rice,2010,REG,0,0,0.0,0,0.0,0.0,0.0,0,0.0,0,0.0,17,42,280.0,2,43.0,40.0
633,D.Jarrett,2009,REG,0,0,0.0,0,0.0,0.0,0.0,0,0.0,0,0.0,17,31,196.0,1,49.0,25.6
634,D.Jarrett,2010,REG,0,0,0.0,0,0.0,0.0,0.0,0,0.0,0,0.0,2,5,40.0,0,4.0,4.0
635,S.Smith,2009,REG,0,0,0.0,0,0.0,0.0,0.0,0,0.0,0,0.0,107,157,1220.0,7,266.0,164.0
636,S.Smith,2010,REG,0,0,0.0,0,0.0,0.0,0.0,0,0.0,0,0.0,48,75,529.0,3,107.0,70.9
637,B.Leonard,2009,REG,0,0,0.0,0,0.0,0.0,0.0,27,84.0,0,0.0,30,35,217.0,0,191.0,30.1
638,B.Leonard,2010,REG,0,0,0.0,0,0.0,0.0,0.0,9,61.0,0,0.0,20,26,137.0,1,96.0,25.8
639,S.Satele,2010,REG,0,0,0.0,0,0.0,0.0,0.0,1,0.0,0,1.0,0,0,0.0,0,0.0,0.0
640,B.Jackson,2009,REG,0,0,0.0,0,0.0,0.0,0.0,37,111.0,2,1.0,21,26,187.0,1,197.0,49.8
641,B.Jackson,2010,REG,0,0,0.0,0,0.0,0.0,0.0,190,703.0,3,1.0,43,50,342.0,1,363.0,128.5
642,L.Booker,2010,REG,0,0,0.0,0,0.0,0.0,0.0,0,0.0,0,0.0,5,6,32.0,0,29.0,1.2000000000000004
643,J.Jones,2009,REG,0,0,0.0,0,0.0,0.0,0.0,3,22.0,0,0.0,27,40,437.0,6,138.0,87.9
644,J.Jones,2010,REG,0,0,0.0,0,0.0,0.0,0.0,2,7.0,0,0.0,51,78,562.0,3,231.0,76.9
645,Y.Figurs,2009,REG,0,0,0.0,0,0.0,0.0,0.0,1,-2.0,0,0.0,1,2,7.0,0,2.0,0.5
646,Y.Figurs,2010,REG,0,0,0.0,0,0.0,0.0,0.0,1,-4.0,0,0.0,2,2,17.0,0,7.0,1.3000000000000003
647,L.Robinson,2009,REG,0,0,0.0,0,0.0,0.0,0.0,0,0.0,0,0.0,13,23,167.0,1,43.0,22.700000000000003
648,L.Robinson,2010,REG,0,0,0.0,0,0.0,0.0,0.0,2,-14.0,0,0.0,34,75,344.0,2,108.0,45.0
649,J.Hill,2009,REG,0,0,0.0,0,0.0,0.0,0.0,0,0.0,0,0.0,9,17,90.0,2,54.0,21.0
650,J.Hill,2010,REG,0,0,0.0,0,0.0,0.0,0.0,0,0.0,0,0.0,11,21,248.0,1,42.0,30.8
651,M.Spaeth,2009,REG,0,0,0.0,0,0.0,0.0,0.0,0,0.0,0,0.0,5,7,25.0,1,10.0,8.5
652,M.Spaeth,2010,REG,0,0,0.0,0,0.0,0.0,0.0,0,0.0,0,0.0,9,18,80.0,1,38.0,14.0
653,J.Jones,2009,REG,0,0,0.0,0,0.0,0.0,0.0,0,0.0,0,0.0,32,63,440.0,5,187.0,74.0
654,J.Jones,2010,REG,0,0,0.0,0,0.0,0.0,0.0,0,0.0,0,0.0,50,87,679.0,5,284.0,95.9
655,M.Sims-Walker,2009,REG,0,0,0.0,0,0.0,0.0,0.0,0,0.0,0,0.0,63,111,869.0,7,281.0,126.9
656,M.Sims-Walker,2010,REG,0,0,0.0,0,0.0,0.0,0.0,0,0.0,0,0.0,43,80,562.0,7,118.0,96.2
657,T.Edwards,2009,REG,110,183,1169.0,6,7.0,22.0,1286.0,14,106.0,0,0.0,0,0,0.0,0,0.0,67.36
658,T.Edwards,2010,REG,55,101,521.0,2,5.0,11.0,589.0,14,58.0,0,0.0,0,0,0.0,0,0.0,24.640000000000004
659,G.Wolfe,2009,REG,0,0,0.0,0,0.0,0.0,0.0,22,120.0,1,0.0,2,3,12.0,0,13.0,19.200000000000003
660,G.Wolfe,2010,REG,0,0,0.0,0,0.0,0.0,0.0,4,8.0,0,0.0,0,0,0.0,0,0.0,0.8
661,J.Higgins,2009,REG,0,0,0.0,0,0.0,0.0,0.0,2,21.0,0,0.0,19,45,263.0,0,26.0,28.400000000000002
662,J.Higgins,2010,REG,0,0,0.0,0,0.0,0.0,0.0,0,0.0,0,0.0,10,30,103.0,0,22.0,10.3
663,M.Bush,2009,REG,0,1,0.0,0,0.0,0.0,17.0,123,589.0,3,1.0,17,19,105.0,0,130.0,83.4
664,M.Bush,2010,REG,0,0,0.0,0,0.0,0.0,0.0,158,655.0,8,0.0,18,24,194.0,0,190.0,132.9
665,I.Stanback,2009,REG,0,0,0.0,0,0.0,0.0,0.0,0,0.0,0,0.0,3,7,22.0,0,2.0,2.2
666,S.Chandler,2010,REG,0,0,0.0,0,0.0,0.0,0.0,0,0.0,0,0.0,1,3,8.0,0,5.0,0.8
667,L.McClain,2009,REG,0,0,0.0,0,0.0,0.0,0.0,46,180.0,2,0.0,21,27,141.0,0,181.0,44.1
668,L.McClain,2010,REG,0,0,0.0,0,0.0,0.0,0.0,28,85.0,0,0.0,21,26,134.0,0,145.0,21.900000000000002
669,S.Breaston,2009,REG,0,0,0.0,0,0.0,0.0,0.0,2,44.0,0,0.0,55,82,712.0,3,158.0,93.6
670,S.Breaston,2010,REG,1,2,17.0,0,0.0,0.0,50.0,3,35.0,0,0.0,47,87,718.0,1,158.0,81.98
671,Ko.Smith,2009,REG,0,0,0.0,0,0.0,0.0,0.0,15,33.0,0,0.0,2,2,9.0,0,12.0,4.2
672,K.Boss,2009,REG,0,0,0.0,0,0.0,0.0,0.0,1,16.0,0,0.0,42,69,567.0,5,230.0,88.3
673,K.Boss,2010,REG,0,0,0.0,0,0.0,0.0,0.0,0,0.0,0,0.0,35,70,531.0,5,246.0,81.1
674,D.Rosario,2009,REG,0,0,0.0,0,0.0,0.0,0.0,0,0.0,0,0.0,26,48,313.0,2,129.0,43.300000000000004
675,D.Rosario,2010,REG,0,0,0.0,0,0.0,0.0,0.0,1,-2.0,0,0.0,32,58,264.0,0,136.0,26.200000000000003
676,D.Clowney,2009,REG,0,0,0.0,0,0.0,0.0,0.0,3,1.0,0,0.0,14,22,191.0,1,47.0,25.2
677,D.Clowney,2010,REG,0,0,0.0,0,0.0,0.0,0.0,0,0.0,0,0.0,7,16,124.0,0,39.0,12.4
678,B.Celek,2009,REG,0,0,0.0,0,0.0,0.0,0.0,0,0.0,0,0.0,76,112,971.0,8,447.0,145.10000000000002
679,B.Celek,2010,REG,0,0,0.0,0,0.0,0.0,0.0,0,0.0,0,0.0,42,79,511.0,4,238.0,75.1
680,L.Naanee,2009,REG,1,1,21.0,0,0.0,0.0,-8.0,3,7.0,0,0.0,24,29,242.0,2,130.0,37.74
681,L.Naanee,2010,REG,0,0,0.0,0,0.0,0.0,0.0,3,-2.0,0,0.0,23,46,371.0,1,106.0,42.900000000000006
682,T.Smith,2009,REG,5,9,24.0,0,1.0,0.0,83.0,8,31.0,1,0.0,0,0,0.0,0,0.0,8.06
683,T.Smith,2010,REG,73,145,1176.0,5,4.0,18.0,1460.0,23,121.0,1,3.0,0,0,0.0,0,0.0,77.14
684,O.O'Neal,2009,REG,0,0,0.0,0,0.0,0.0,0.0,1,0.0,0,0.0,0,0,0.0,0,0.0,0.0
685,R.Maui'a,2010,REG,0,0,0.0,0,0.0,0.0,0.0,0,0.0,0,0.0,2,6,20.0,0,19.0,2.0
686,T.Clayton,2010,REG,0,0,0.0,0,0.0,0.0,0.0,7,17.0,0,0.0,0,0,0.0,0,0.0,1.7000000000000002
687,K.Hall,2009,REG,0,0,0.0,0,0.0,0.0,0.0,0,0.0,0,0.0,5,7,41.0,0,27.0,4.1000000000000005
688,K.Hall,2010,REG,0,0,0.0,0,0.0,0.0,0.0,0,0.0,0,0.0,1,1,9.0,0,9.0,0.9
689,D.Anderson,2009,REG,0,0,0.0,0,0.0,0.0,0.0,0,0.0,0,0.0,1,3,5.0,0,0.0,0.5
690,J.Palmer,2010,REG,3,3,18.0,0,0.0,2.0,3.0,0,0.0,0,0.0,0,0,0.0,0,0.0,0.72
691,J.Kent,2009,REG,0,0,0.0,0,0.0,0.0,0.0,0,0.0,0,0.0,1,3,5.0,0,5.0,0.5
692,B.Patrick,2009,REG,0,0,0.0,0,0.0,0.0,0.0,0,0.0,0,0.0,12,16,146.0,2,37.0,26.6
693,B.Patrick,2010,REG,0,0,0.0,0,0.0,0.0,0.0,0,0.0,0,0.0,15,18,123.0,0,53.0,12.3
694,T.Thigpen,2009,REG,4,8,83.0,1,2.0,0.0,127.0,2,3.0,0,0.0,0,0,0.0,0,0.0,3.6200000000000006
695,T.Thigpen,2010,REG,33,62,435.0,2,2.0,8.0,677.0,13,73.0,0,2.0,0,0,0.0,0,0.0,28.700000000000003
696,D.Schouman,2009,REG,0,0,0.0,0,0.0,0.0,0.0,0,0.0,0,0.0,9,11,103.0,0,45.0,10.3
697,D.Wynn,2009,REG,0,0,0.0,0,0.0,0.0,0.0,6,19.0,0,0.0,2,7,19.0,0,15.0,3.8000000000000003
698,C.Stuckey,2009,REG,0,0,0.0,0,0.0,0.0,0.0,2,6.0,0,0.0,30,65,318.0,2,137.0,44.400000000000006
699,C.Stuckey,2010,REG,0,0,0.0,0,0.0,0.0,0.0,3,9.0,1,0.0,40,63,346.0,0,197.0,39.50000000000001
700,J.Snelling,2009,REG,0,0,0.0,0,0.0,0.0,0.0,142,613.0,4,1.0,30,39,259.0,1,214.0,115.2
701,J.Snelling,2010,REG,0,0,0.0,0,0.0,0.0,0.0,87,324.0,2,1.0,44,51,303.0,3,254.0,92.7
702,K.Darby,2009,REG,0,0,0.0,0,0.0,0.0,0.0,27,152.0,0,0.0,18,24,96.0,0,84.0,24.800000000000004
703,K.Darby,2010,REG,0,0,0.0,0,0.0,0.0,0.0,34,107.0,2,0.0,10,13,61.0,1,77.0,34.8
704,A.Bradshaw,2009,REG,0,0,0.0,0,0.0,0.0,0.0,163,778.0,7,3.0,21,30,207.0,0,265.0,136.5
705,A.Bradshaw,2010,REG,0,0,0.0,0,0.0,0.0,0.0,276,1235.0,8,7.0,47,58,314.0,0,366.0,192.9
706,M.Adams,2010,REG,0,0,0.0,0,0.0,0.0,0.0,0,0.0,0,0.0,0,0,0.0,0,0.0,6.0
707,T.Castille,2009,REG,0,1,0.0,0,1.0,0.0,26.0,14,55.0,0,1.0,4,6,37.0,1,8.0,11.200000000000001
708,T.Castille,2010,REG,0,0,0.0,0,0.0,0.0,0.0,5,3.0,0,0.0,10,12,43.0,0,49.0,4.6000000000000005
709,J.Battle,2009,REG,0,0,0.0,0,0.0,0.0,0.0,7,21.0,0,0.0,2,2,-3.0,0,7.0,1.8
710,J.Battle,2010,REG,0,0,0.0,0,0.0,0.0,0.0,20,50.0,1,0.0,1,3,9.0,0,7.0,11.9
711,M.Moore,2009,REG,85,138,1053.0,8,2.0,9.0,1204.0,12,-3.0,0,1.0,0,0,0.0,0,0.0,69.82000000000001
712,M.Moore,2010,REG,79,143,857.0,5,10.0,13.0,1247.0,5,25.0,0,0.0,0,0,0.0,0,0.0,32.78
713,R.Bartel,2010,REG,16,28,150.0,0,1.0,2.0,168.0,0,0.0,0,0.0,0,0,0.0,0,0.0,4.0
714,B.Kern,2010,REG,0,0,0.0,0,0.0,0.0,0.0,1,0.0,0,0.0,0,0,0.0,0,0.0,0.0
715,L.Rankin,2009,REG,0,0,0.0,0,0.0,0.0,0.0,8,36.0,0,1.0,5,7,33.0,0,49.0,4.900000000000001
716,B.Green-Ellis,2009,REG,0,0,0.0,0,0.0,0.0,0.0,26,114.0,0,0.0,2,5,11.0,0,13.0,12.5
717,B.Green-Ellis,2010,REG,0,0,0.0,0,0.0,0.0,0.0,229,1008.0,13,0.0,12,16,85.0,0,49.0,187.3
718,J.Stupar,2009,REG,0,0,0.0,0,0.0,0.0,0.0,0,0.0,0,0.0,5,10,39.0,0,41.0,3.9000000000000004
719,J.Stupar,2010,REG,0,0,0.0,0,0.0,0.0,0.0,0,0.0,0,0.0,12,13,111.0,0,85.0,11.1
720,L.Long,2009,REG,0,0,0.0,0,0.0,0.0,0.0,1,-1.0,0,0.0,20,38,178.0,0,77.0,17.7
721,D.Reynaud,2009,REG,0,0,0.0,0,0.0,0.0,0.0,0,0.0,0,0.0,0,2,0.0,0,0.0,0.0
722,A.Young,2009,REG,0,0,0.0,0,0.0,0.0,0.0,12,53.0,0,0.0,0,0,0.0,0,0.0,5.3
723,A.Young,2010,REG,0,0,0.0,0,0.0,0.0,0.0,13,29.0,0,0.0,2,2,11.0,0,13.0,4.0
724,C.Hanie,2009,REG,3,7,11.0,0,1.0,0.0,46.0,0,0.0,0,0.0,0,0,0.0,0,0.0,-1.56
725,C.Hanie,2010,REG,5,7,55.0,0,0.0,2.0,84.0,1,-1.0,0,0.0,0,0,0.0,0,0.0,2.1
726,S.Giguere,2009,REG,0,0,0.0,0,0.0,0.0,0.0,0,0.0,0,0.0,0,2,0.0,0,0.0,0.0
727,J.Senn,2010,REG,0,0,0.0,0,0.0,0.0,0.0,1,5.0,0,0.0,0,0,0.0,0,0.0,0.5
728,C.Simpson,2009,REG,0,0,0.0,0,0.0,0.0,0.0,15,102.0,2,0.0,3,4,1.0,0,25.0,28.3
729,D.Bess,2009,REG,0,0,0.0,0,0.0,0.0,0.0,2,11.0,0,1.0,76,113,758.0,2,287.0,84.9
730,D.Bess,2010,REG,0,0,0.0,0,0.0,0.0,0.0,1,0.0,0,0.0,80,126,817.0,5,310.0,111.7
731,M.Mulligan,2009,REG,0,0,0.0,0,0.0,0.0,0.0,0,0.0,0,0.0,1,1,2.0,0,2.0,0.2
732,M.Mulligan,2010,REG,0,0,0.0,0,0.0,0.0,0.0,0,0.0,0,0.0,0,1,0.0,0,0.0,0.0
733,J.Caulcrick,2010,REG,0,0,0.0,0,0.0,0.0,0.0,1,2.0,0,0.0,0,0,0.0,0,0.0,0.2
734,D.Woodhead,2009,REG,0,0,0.0,0,0.0,0.0,0.0,15,64.0,0,0.0,8,14,87.0,0,46.0,15.100000000000001
735,D.Woodhead,2010,REG,0,0,0.0,0,0.0,0.0,0.0,97,547.0,5,1.0,34,44,379.0,1,313.0,126.6
736,J.Allen,2009,REG,0,0,0.0,0,0.0,0.0,0.0,0,0.0,0,0.0,0,1,0.0,0,0.0,0.0
737,J.Haynos,2009,REG,0,0,0.0,0,0.0,0.0,0.0,0,0.0,0,0.0,19,37,162.0,2,104.0,28.200000000000003
738,K.Lumpkin,2010,REG,0,0,0.0,0,0.0,0.0,0.0,1,0.0,0,0.0,1,1,12.0,0,16.0,1.2000000000000002
739,T.Smith,2010,REG,0,0,0.0,0,0.0,0.0,0.0,0,0.0,0,0.0,0,0,0.0,0,0.0,6.0
740,M.Cox,2009,REG,0,0,0.0,0,0.0,0.0,0.0,3,5.0,1,0.0,10,13,79.0,0,51.0,14.4
741,M.Cox,2010,REG,0,0,0.0,0,0.0,0.0,0.0,0,0.0,0,0.0,4,4,27.0,0,26.0,2.7
742,D.Amendola,2009,REG,0,0,0.0,0,0.0,0.0,0.0,3,-2.0,0,0.0,43,63,326.0,1,186.0,38.4
743,D.Amendola,2010,REG,0,0,0.0,0,0.0,0.0,0.0,7,81.0,0,0.0,85,123,689.0,3,363.0,93.0
744,G.Banks,2010,REG,0,0,0.0,0,0.0,0.0,0.0,0,0.0,0,0.0,1,3,2.0,0,0.0,0.2
745,M.Tolbert,2009,REG,0,0,0.0,0,0.0,0.0,0.0,25,148.0,1,0.0,17,22,192.0,3,186.0,58.0
746,M.Tolbert,2010,REG,0,0,0.0,0,0.0,0.0,0.0,182,735.0,11,5.0,25,29,216.0,0,192.0,157.1
747,K.Arrington,2010,REG,0,0,0.0,0,0.0,0.0,0.0,0,0.0,0,0.0,0,0,0.0,0,0.0,6.0
748,N.Hughes,2009,REG,0,0,0.0,0,0.0,0.0,0.0,0,0.0,0,0.0,5,12,70.0,1,14.0,13.0
749,C.Smith,2009,REG,0,0,0.0,0,0.0,0.0,0.0,4,7.0,0,2.0,2,5,4.0,0,3.0,-0.8999999999999999
750,L.Hamilton,2009,REG,0,0,0.0,0,0.0,0.0,0.0,35,125.0,2,0.0,5,7,48.0,0,52.0,29.3
751,E.Moore,2009,REG,0,0,0.0,0,0.0,0.0,0.0,0,0.0,0,0.0,12,23,158.0,0,65.0,15.8
752,E.Moore,2010,REG,0,0,0.0,0,0.0,0.0,0.0,0,0.0,0,0.0,16,26,322.0,1,89.0,36.2
753,M.Lawrence,2009,REG,0,0,0.0,0,0.0,0.0,0.0,4,0.0,0,0.0,1,1,4.0,0,3.0,0.4
754,M.Ryan,2009,REG,263,451,2916.0,22,14.0,19.0,3746.0,30,49.0,1,0.0,0,0,0.0,0,0.0,183.54000000000002
755,M.Ryan,2010,REG,357,571,3705.0,28,9.0,23.0,4796.0,46,122.0,0,1.0,0,0,0.0,0,0.0,252.4
756,D.McFadden,2009,REG,0,0,0.0,0,0.0,0.0,0.0,104,356.0,1,4.0,21,36,245.0,0,186.0,60.1
757,D.McFadden,2010,REG,0,1,0.0,0,0.0,0.0,33.0,223,1157.0,7,3.0,47,61,507.0,3,518.0,220.4
758,J.Stewart,2009,REG,0,0,0.0,0,0.0,0.0,0.0,221,1133.0,10,3.0,18,26,139.0,1,105.0,189.20000000000002
759,J.Stewart,2010,REG,0,0,0.0,0,0.0,0.0,0.0,178,770.0,2,4.0,8,14,103.0,1,67.0,97.30000000000001
760,C.Williams,2010,REG,0,0,0.0,0,0.0,0.0,0.0,0,0.0,0,0.0,1,1,4.0,0,0.0,0.4
761,G.Cherilus,2009,REG,0,0,0.0,0,0.0,0.0,0.0,0,0.0,0,0.0,0,1,0.0,0,0.0,0.0
762,J.Flacco,2009,REG,315,499,3613.0,21,12.0,37.0,4318.0,34,62.0,0,2.0,0,0,0.0,0,0.0,206.72
763,J.Flacco,2010,REG,306,489,3622.0,25,10.0,40.0,4441.0,43,84.0,1,2.0,0,0,0.0,0,0.0,231.28
764,F.Jones,2009,REG,0,0,0.0,0,0.0,0.0,0.0,116,685.0,3,2.0,19,22,119.0,0,141.0,96.4
765,F.Jones,2010,REG,0,0,0.0,0,0.0,0.0,0.0,185,800.0,1,1.0,48,52,450.0,1,540.0,135.0
766,R.Mendenhall,2009,REG,0,0,0.0,0,0.0,0.0,0.0,242,1108.0,7,3.0,25,32,261.0,1,228.0,178.9
767,R.Mendenhall,2010,REG,0,0,0.0,0,0.0,0.0,0.0,324,1273.0,13,2.0,23,34,167.0,0,174.0,218.0
768,C.Johnson,2009,REG,0,1,0.0,0,0.0,0.0,3.0,358,2006.0,14,3.0,50,71,503.0,2,542.0,342.90000000000003
769,C.Johnson,2010,REG,0,0,0.0,0,0.0,0.0,0.0,316,1364.0,11,2.0,44,57,245.0,1,248.0,228.9
770,D.Keller,2009,REG,0,0,0.0,0,0.0,0.0,0.0,1,7.0,0,0.0,45,82,522.0,2,174.0,64.9
771,D.Keller,2010,REG,0,0,0.0,0,0.0,0.0,0.0,0,0.0,0,0.0,55,100,687.0,5,214.0,98.7
772,D.Avery,2009,REG,0,0,0.0,0,0.0,0.0,0.0,4,30.0,0,0.0,47,97,589.0,5,264.0,89.9
773,D.Thomas,2009,REG,0,0,0.0,0,0.0,0.0,0.0,3,-2.0,0,0.0,25,47,325.0,3,155.0,50.300000000000004
774,D.Thomas,2010,REG,0,0,0.0,0,0.0,0.0,0.0,0,0.0,0,0.0,0,1,0.0,0,0.0,0.0
775,J.Nelson,2009,REG,0,0,0.0,0,0.0,0.0,0.0,0,0.0,0,0.0,22,31,320.0,2,89.0,44.0
776,J.Nelson,2010,REG,0,0,0.0,0,0.0,0.0,0.0,0,0.0,0,0.0,45,64,582.0,2,250.0,68.2
777,J.Carlson,2009,REG,0,0,0.0,0,0.0,0.0,0.0,0,0.0,0,0.0,51,83,574.0,7,280.0,99.4
778,J.Carlson,2010,REG,0,0,0.0,0,0.0,0.0,0.0,0,0.0,0,0.0,31,58,318.0,1,128.0,37.800000000000004
779,J.Hardy,2009,REG,0,0,0.0,0,0.0,0.0,0.0,0,0.0,0,0.0,1,1,9.0,0,2.0,0.9
780,E.Royal,2009,REG,0,0,0.0,0,0.0,0.0,0.0,1,1.0,0,0.0,37,79,345.0,0,124.0,46.6
781,E.Royal,2010,REG,0,0,0.0,0,0.0,0.0,0.0,6,61.0,0,1.0,59,105,627.0,3,372.0,84.80000000000001
782,M.Forte,2009,REG,0,0,0.0,0,0.0,0.0,0.0,258,929.0,4,5.0,57,72,471.0,0,476.0,160.0
783,M.Forte,2010,REG,0,0,0.0,0,0.0,0.0,0.0,237,1069.0,6,0.0,51,70,547.0,3,439.0,213.60000000000002
784,J.Simpson,2009,REG,0,0,0.0,0,0.0,0.0,0.0,0,0.0,0,0.0,0,1,0.0,0,0.0,0.0
785,J.Simpson,2010,REG,0,0,0.0,0,0.0,0.0,0.0,1,2.0,0,0.0,20,25,277.0,3,78.0,41.9
786,F.Davis,2009,REG,0,0,0.0,0,0.0,0.0,0.0,0,0.0,0,0.0,48,76,509.0,6,249.0,86.9
787,F.Davis,2010,REG,0,0,0.0,0,0.0,0.0,0.0,0,0.0,0,0.0,21,31,316.0,3,168.0,49.6
788,D.Jackson,2009,REG,0,0,0.0,0,0.0,0.0,0.0,11,137.0,1,0.0,63,118,1167.0,9,404.0,200.4
789,D.Jackson,2010,REG,0,0,0.0,0,0.0,0.0,0.0,16,104.0,1,0.0,47,96,1056.0,6,340.0,162.0
790,M.Kelly,2009,REG,0,0,0.0,0,0.0,0.0,0.0,0,0.0,0,0.0,25,41,347.0,0,176.0,34.7
791,L.Sweed,2009,REG,0,0,0.0,0,0.0,0.0,0.0,0,0.0,0,0.0,1,5,5.0,0,1.0,0.5
792,R.Rice,2009,REG,0,1,0.0,0,0.0,0.0,0.0,254,1339.0,7,2.0,78,101,702.0,1,718.0,246.10000000000002
793,R.Rice,2010,REG,0,0,0.0,0,0.0,0.0,0.0,307,1220.0,5,0.0,63,82,556.0,1,532.0,213.6
794,B.Brohm,2009,REG,17,29,146.0,0,2.0,2.0,172.0,3,-3.0,0,0.0,0,0,0.0,0,0.0,1.5399999999999998
795,B.Brohm,2010,REG,10,23,106.0,0,3.0,3.0,228.0,0,0.0,0,0.0,0,0,0.0,0,0.0,-3.76
796,C.Henne,2009,REG,274,451,2878.0,12,14.0,26.0,3778.0,16,32.0,1,2.0,0,0,0.0,0,0.0,144.32
797,C.Henne,2010,REG,302,491,3298.0,15,19.0,30.0,3962.0,35,52.0,0,4.0,0,0,0.0,0,0.0,155.12
798,M.Bennett,2009,REG,0,0,0.0,0,0.0,0.0,0.0,0,0.0,0,0.0,15,30,159.0,0,55.0,15.9
799,M.Bennett,2010,REG,0,0,0.0,0,0.0,0.0,0.0,0,0.0,0,0.0,33,48,260.0,0,180.0,26.0
800,K.Smith,2009,REG,0,0,0.0,0,0.0,0.0,0.0,162,543.0,3,2.0,28,41,329.0,1,296.0,109.2
801,K.Smith,2009,REG,0,0,0.0,0,0.0,0.0,0.0,162,543.0,3,2.0,28,41,329.0,1,296.0,109.2
802,K.Smith,2010,REG,0,0,0.0,0,0.0,0.0,0.0,34,133.0,0,0.0,11,16,123.0,0,104.0,25.6
803,Kv.Smith,2009,REG,0,0,0.0,0,0.0,0.0,0.0,55,204.0,1,1.0,12,15,80.0,0,82.0,32.4
804,Kv.Smith,2009,REG,0,0,0.0,0,0.0,0.0,0.0,55,204.0,1,1.0,12,15,80.0,0,82.0,32.4
805,J.Hester,2009,REG,0,0,0.0,0,0.0,0.0,0.0,21,74.0,0,1.0,9,11,24.0,0,28.0,19.8
806,J.Hester,2010,REG,0,0,0.0,0,0.0,0.0,0.0,26,60.0,0,0.0,22,26,145.0,1,150.0,26.5
807,E.Bennett,2009,REG,0,0,0.0,0,0.0,0.0,0.0,0,0.0,0,0.0,54,88,717.0,2,302.0,91.7
808,E.Bennett,2010,REG,0,0,0.0,0,0.0,0.0,0.0,2,9.0,0,0.0,46,70,561.0,3,205.0,75.0
809,J.Charles,2009,REG,0,0,0.0,0,0.0,0.0,0.0,190,1120.0,7,2.0,40,56,297.0,1,213.0,193.70000000000002
810,J.Charles,2010,REG,0,0,0.0,0,0.0,0.0,0.0,230,1467.0,5,2.0,45,64,468.0,3,415.0,237.5
811,B.Cottam,2009,REG,0,0,0.0,0,0.0,0.0,0.0,0,0.0,0,0.0,9,15,120.0,0,55.0,12.0
812,E.Doucet,2009,REG,0,0,0.0,0,0.0,0.0,0.0,0,0.0,0,0.0,17,24,214.0,1,107.0,27.400000000000002
813,E.Doucet,2010,REG,0,0,0.0,0,0.0,0.0,0.0,2,5.0,0,0.0,26,59,291.0,1,80.0,35.6
814,H.Douglas,2010,REG,0,0,0.0,0,0.0,0.0,0.0,2,-5.0,0,0.0,22,53,294.0,1,121.0,34.900000000000006
815,C.Stevens,2009,REG,0,0,0.0,0,0.0,0.0,0.0,0,0.0,0,0.0,0,1,0.0,0,0.0,0.0
816,C.Stevens,2010,REG,0,0,0.0,0,0.0,0.0,0.0,0,0.0,0,0.0,11,23,122.0,2,68.0,24.200000000000003
817,S.Slaton,2009,REG,0,0,0.0,0,0.0,0.0,0.0,131,437.0,3,5.0,44,55,417.0,4,436.0,117.4
818,S.Slaton,2010,REG,0,0,0.0,0,0.0,0.0,0.0,19,93.0,0,0.0,3,4,11.0,0,19.0,10.4
819,J.Finley,2009,REG,0,0,0.0,0,0.0,0.0,0.0,0,0.0,0,0.0,55,71,676.0,5,291.0,95.60000000000001
820,J.Finley,2010,REG,0,0,0.0,0,0.0,0.0,0.0,0,0.0,0,0.0,21,26,301.0,1,96.0,36.1
821,M.Manningham,2009,REG,0,0,0.0,0,0.0,0.0,0.0,0,0.0,0,0.0,57,99,822.0,5,269.0,110.2
822,M.Manningham,2010,REG,0,0,0.0,0,0.0,0.0,0.0,1,2.0,0,0.0,60,92,944.0,9,350.0,146.60000000000002
823,A.Caldwell,2009,REG,0,0,0.0,0,0.0,0.0,0.0,3,22.0,0,1.0,51,80,432.0,3,123.0,63.4
824,A.Caldwell,2010,REG,0,0,0.0,0,0.0,0.0,0.0,1,-2.0,0,0.0,25,37,345.0,0,106.0,34.300000000000004
825,M.McGlynn,2010,REG,0,0,0.0,0,0.0,0.0,0.0,0,0.0,0,0.0,1,1,1.0,0,1.0,0.1
826,T.Choice,2009,REG,0,0,0.0,0,0.0,0.0,0.0,64,349.0,3,0.0,15,22,132.0,0,121.0,68.1
827,T.Choice,2010,REG,0,0,0.0,0,0.0,0.0,0.0,66,243.0,3,0.0,17,22,109.0,0,123.0,51.2
828,L.Hawkins,2009,REG,0,0,0.0,0,0.0,0.0,0.0,0,0.0,0,0.0,7,14,110.0,0,37.0,11.0
829,L.Hawkins,2010,REG,0,0,0.0,0,0.0,0.0,0.0,0,0.0,0,0.0,5,6,61.0,0,5.0,6.1000000000000005
830,J.Tamme,2009,REG,0,0,0.0,0,0.0,0.0,0.0,0,0.0,0,0.0,3,10,35.0,0,12.0,3.5
831,J.Tamme,2010,REG,0,0,0.0,0,0.0,0.0,0.0,0,0.0,0,0.0,67,93,631.0,4,306.0,87.10000000000001
832,K.Burton,2009,REG,0,0,0.0,0,0.0,0.0,0.0,0,0.0,0,0.0,25,44,253.0,0,82.0,25.3
833,D.Fine,2009,REG,0,0,0.0,0,0.0,0.0,0.0,0,0.0,0,0.0,9,18,64.0,0,33.0,6.4
834,K.Moore,2009,REG,0,0,0.0,0,0.0,0.0,0.0,0,0.0,0,0.0,6,12,59.0,0,17.0,5.9
835,R.Torain,2010,REG,0,0,0.0,0,0.0,0.0,0.0,164,742.0,4,2.0,18,27,125.0,2,155.0,120.7
836,G.Barnidge,2009,REG,0,0,0.0,0,0.0,0.0,0.0,0,0.0,0,0.0,12,21,242.0,0,98.0,24.200000000000003
837,G.Barnidge,2010,REG,0,0,0.0,0,0.0,0.0,0.0,0,0.0,0,0.0,0,9,0.0,0,0.0,0.0
838,J.Felton,2009,REG,0,0,0.0,0,0.0,0.0,0.0,15,46.0,0,0.0,13,17,133.0,0,86.0,17.9
839,J.Felton,2010,REG,0,0,0.0,0,0.0,0.0,0.0,22,76.0,0,1.0,8,15,54.0,0,62.0,11.000000000000002
840,T.Hightower,2009,REG,0,0,0.0,0,0.0,0.0,0.0,143,598.0,8,5.0,63,80,428.0,0,443.0,142.6
841,T.Hightower,2010,REG,0,0,0.0,0,0.0,0.0,0.0,153,736.0,5,4.0,21,42,136.0,0,136.0,109.2
842,M.Slater,2009,REG,0,0,0.0,0,0.0,0.0,0.0,1,6.0,0,0.0,0,0,0.0,0,0.0,0.6000000000000001
843,M.Slater,2010,REG,0,0,0.0,0,0.0,0.0,0.0,0,0.0,0,0.0,0,1,0.0,0,0.0,0.0
844,D.Dixon,2009,REG,12,26,145.0,1,1.0,0.0,262.0,3,27.0,1,0.0,0,0,0.0,0,0.0,16.5
845,D.Dixon,2010,REG,22,32,254.0,0,1.0,5.0,214.0,5,32.0,0,1.0,0,0,0.0,0,0.0,9.36
846,K.Davis,2009,REG,0,0,0.0,0,0.0,0.0,0.0,0,0.0,0,0.0,9,14,75.0,3,17.0,25.5
847,K.Davis,2010,REG,0,0,0.0,0,0.0,0.0,0.0,0,0.0,0,0.0,1,2,19.0,1,2.0,7.9
848,J.Johnson,2009,REG,63,125,685.0,4,8.0,11.0,1008.0,22,148.0,0,3.0,0,0,0.0,0,0.0,40.2
849,J.Johnson,2010,REG,14,16,111.0,0,0.0,2.0,108.0,4,39.0,0,0.0,0,1,0.0,0,0.0,8.34
850,O.Schmitt,2009,REG,0,0,0.0,0,0.0,0.0,0.0,0,0.0,0,0.0,6,10,21.0,1,16.0,8.1
851,O.Schmitt,2010,REG,0,0,0.0,0,0.0,0.0,0.0,0,0.0,0,0.0,19,24,136.0,1,90.0,19.6
852,J.Morgan,2009,REG,0,0,0.0,0,0.0,0.0,0.0,5,61.0,0,0.0,52,81,527.0,3,247.0,76.80000000000001
853,J.Morgan,2010,REG,0,0,0.0,0,0.0,0.0,0.0,2,17.0,0,0.0,44,80,698.0,2,299.0,81.5
854,J.Parmele,2009,REG,0,0,0.0,0,0.0,0.0,0.0,5,17.0,0,0.0,0,0,0.0,0,0.0,1.7000000000000002
855,X.Omon,2009,REG,0,0,0.0,0,0.0,0.0,0.0,5,22.0,0,0.0,0,1,0.0,0,0.0,2.2
856,S.Larsen,2010,REG,0,0,0.0,0,0.0,0.0,0.0,3,18.0,0,0.0,5,5,51.0,1,41.0,12.9
857,M.Gibson,2010,REG,0,0,0.0,0,0.0,0.0,0.0,0,0.0,0,0.0,1,1,-2.0,0,2.0,-0.2
858,P.Hubbard,2010,REG,0,0,0.0,0,0.0,0.0,0.0,0,0.0,0,0.0,1,3,8.0,0,2.0,0.8
859,J.Johnson,2009,REG,0,0,0.0,0,0.0,0.0,0.0,0,0.0,0,0.0,1,1,9.0,0,0.0,0.9
860,T.Santi,2009,REG,0,0,0.0,0,0.0,0.0,0.0,0,0.0,0,0.0,8,11,107.0,0,34.0,8.7
861,M.Hart,2009,REG,0,0,0.0,0,0.0,0.0,0.0,26,70.0,1,0.0,5,8,54.0,0,32.0,18.4
862,M.Hart,2010,REG,0,0,0.0,0,0.0,0.0,0.0,43,185.0,1,0.0,6,6,25.0,0,24.0,27.0
863,L.Hilliard,2009,REG,0,0,0.0,0,0.0,0.0,0.0,23,89.0,1,0.0,20,20,158.0,2,124.0,42.7
864,L.Hilliard,2010,REG,0,0,0.0,0,0.0,0.0,0.0,0,0.0,0,0.0,1,2,3.0,0,5.0,0.30000000000000004
865,P.Garcon,2009,REG,0,0,0.0,0,0.0,0.0,0.0,2,10.0,0,0.0,47,92,765.0,4,284.0,101.5
866,P.Garcon,2010,REG,0,0,0.0,0,0.0,0.0,0.0,2,6.0,0,0.0,68,120,816.0,6,251.0,116.2
867,M.Flynn,2009,REG,7,12,58.0,0,1.0,1.0,93.0,5,-5.0,0,0.0,0,0,0.0,0,0.0,-0.17999999999999972
868,M.Flynn,2010,REG,40,66,433.0,3,2.0,7.0,585.0,9,26.0,0,0.0,0,0,0.0,0,0.0,25.92
869,J.Harper,2009,REG,0,0,0.0,0,0.0,0.0,0.0,0,0.0,0,0.0,0,1,0.0,0,0.0,0.0
870,B.Swain,2009,REG,0,0,0.0,0,0.0,0.0,0.0,0,0.0,0,0.0,0,1,0.0,0,0.0,0.0
871,B.Swain,2010,REG,0,0,0.0,0,0.0,0.0,0.0,0,0.0,0,0.0,6,9,72.0,0,59.0,7.200000000000001
872,St. Johnson,2010,REG,0,0,0.0,0,0.0,0.0,0.0,0,0.0,0,0.0,82,142,1073.0,10,394.0,165.3
873,St.Johnson,2009,REG,0,0,0.0,0,0.0,0.0,0.0,0,0.0,0,0.0,2,3,10.0,0,0.0,1.0
874,C.Schilens,2009,REG,0,0,0.0,0,0.0,0.0,0.0,0,0.0,0,0.0,29,52,365.0,2,92.0,48.5
875,C.Schilens,2010,REG,0,0,0.0,0,0.0,0.0,0.0,0,0.0,0,0.0,5,9,40.0,1,13.0,10.0
876,P.Hillis,2009,REG,0,0,0.0,0,0.0,0.0,0.0,13,54.0,1,0.0,4,6,19.0,0,15.0,13.3
877,P.Hillis,2010,REG,1,2,13.0,0,0.0,0.0,14.0,270,1177.0,11,8.0,61,77,477.0,2,440.0,233.92000000000002
878,C.Williams,2010,REG,0,0,0.0,0,0.0,0.0,0.0,0,0.0,0,0.0,1,1,13.0,0,9.0,1.3
879,K.Zinger,2009,REG,0,0,0.0,0,0.0,0.0,0.0,0,0.0,0,0.0,0,1,0.0,0,0.0,0.0
880,J.Forsett,2009,REG,0,0,0.0,0,0.0,0.0,0.0,114,619.0,4,2.0,41,57,350.0,1,406.0,124.9
881,J.Forsett,2010,REG,0,0,0.0,0,0.0,0.0,0.0,118,523.0,2,0.0,33,51,252.0,0,230.0,89.5
882,A.Arrington,2010,REG,0,0,0.0,0,0.0,0.0,0.0,0,0.0,0,0.0,7,9,79.0,0,25.0,7.9
883,M.Reece,2009,REG,0,0,0.0,0,0.0,0.0,0.0,0,0.0,0,0.0,2,4,20.0,0,14.0,2.0
884,M.Reece,2010,REG,0,0,0.0,0,0.0,0.0,0.0,30,122.0,1,1.0,25,43,333.0,3,304.0,67.5
885,M.Purify,2009,REG,0,0,0.0,0,0.0,0.0,0.0,0,0.0,0,0.0,0,1,0.0,0,0.0,0.0
886,L.Ball,2010,REG,0,0,0.0,0,0.0,0.0,0.0,41,158.0,0,1.0,3,6,16.0,0,25.0,17.400000000000002
887,D.Savage,2009,REG,0,0,0.0,0,0.0,0.0,0.0,10,45.0,0,0.0,7,11,51.0,0,46.0,9.600000000000001
888,A.Armstrong,2010,REG,0,0,0.0,0,0.0,0.0,0.0,0,0.0,0,0.0,44,86,871.0,3,160.0,103.10000000000001
889,S.Logan,2009,REG,0,0,0.0,0,0.0,0.0,0.0,0,0.0,0,0.0,1,1,5.0,0,9.0,0.5
890,S.Logan,2010,REG,0,1,0.0,0,0.0,0.0,9.0,15,95.0,0,0.0,0,1,0.0,0,0.0,15.5
891,M.Stafford,2009,REG,201,377,2267.0,13,20.0,23.0,3045.0,21,108.0,2,0.0,0,0,0.0,0,0.0,125.48
892,M.Stafford,2010,REG,57,96,535.0,6,1.0,4.0,669.0,4,11.0,1,1.0,0,0,0.0,0,0.0,50.5
893,S.McKillop,2009,REG,0,0,0.0,0,0.0,0.0,0.0,0,0.0,0,0.0,0,0,0.0,0,0.0,6.0
894,B.Colquitt,2010,REG,0,0,0.0,0,0.0,0.0,0.0,1,0.0,0,0.0,0,0,0.0,0,0.0,0.0
895,N.Miller,2010,REG,0,0,0.0,0,0.0,0.0,0.0,0,0.0,0,0.0,3,4,40.0,0,3.0,4.0
896,C.Daniel,2010,REG,2,3,16.0,0,0.0,1.0,6.0,2,16.0,0,1.0,0,0,0.0,0,0.0,2.24
897,T.Grisham,2009,REG,0,0,0.0,0,0.0,0.0,0.0,0,0.0,0,0.0,1,2,14.0,0,2.0,1.4000000000000001
898,I.Redman,2010,REG,0,0,0.0,0,0.0,0.0,0.0,52,247.0,0,1.0,9,10,72.0,2,81.0,43.900000000000006
899,K.Bell,2009,REG,0,0,0.0,0,0.0,0.0,0.0,40,220.0,0,0.0,1,3,4.0,0,8.0,22.4
900,J.Johnson,2010,REG,0,0,0.0,0,0.0,0.0,0.0,0,0.0,0,0.0,0,1,0.0,0,0.0,0.0
901,B.Bolen,2009,REG,0,0,0.0,0,0.0,0.0,0.0,0,0.0,0,0.0,0,3,0.0,0,0.0,0.0
902,B.Bolen,2010,REG,0,0,0.0,0,0.0,0.0,0.0,0,0.0,0,0.0,1,3,15.0,0,4.0,1.5
903,D.Moore,2010,REG,0,0,0.0,0,0.0,0.0,0.0,2,-2.0,0,1.0,0,0,0.0,0,0.0,-2.2
904,B.Hoyer,2009,REG,19,27,142.0,0,0.0,2.0,86.0,10,25.0,1,0.0,0,0,0.0,0,0.0,14.18
905,B.Hoyer,2010,REG,7,15,122.0,1,1.0,0.0,152.0,10,-8.0,0,0.0,0,0,0.0,0,0.0,6.079999999999999
906,J.Vaughan,2010,REG,0,0,0.0,0,0.0,0.0,0.0,3,7.0,1,0.0,0,0,0.0,0,0.0,6.7
907,Z.Potter,2009,REG,0,0,0.0,0,0.0,0.0,0.0,0,0.0,0,0.0,1,1,3.0,0,3.0,0.30000000000000004
908,Z.Potter,2010,REG,0,0,0.0,0,0.0,0.0,0.0,0,0.0,0,0.0,3,7,24.0,0,14.0,2.4000000000000004
909,J.Matthews,2010,REG,0,0,0.0,0,0.0,0.0,0.0,0,0.0,0,0.0,0,1,0.0,0,0.0,0.0
910,C.Cloherty,2009,REG,0,0,0.0,0,0.0,0.0,0.0,0,0.0,0,0.0,1,1,2.0,0,0.0,0.2
911,Q.Cosby,2009,REG,0,0,0.0,0,0.0,0.0,0.0,1,-2.0,0,0.0,4,6,55.0,0,8.0,5.3
912,Q.Cosby,2010,REG,0,0,0.0,0,0.0,0.0,0.0,0,0.0,0,0.0,2,2,16.0,0,8.0,1.6
913,C.Pressley,2009,REG,0,0,0.0,0,0.0,0.0,0.0,1,0.0,0,0.0,1,1,2.0,0,1.0,0.2
914,C.Pressley,2010,REG,0,0,0.0,0,0.0,0.0,0.0,1,0.0,0,0.0,1,1,6.0,0,2.0,0.6000000000000001
915,C.Brinkley,2010,REG,0,0,0.0,0,0.0,0.0,0.0,2,11.0,0,0.0,0,0,0.0,0,0.0,1.1
916,C.Martin,2009,REG,0,0,0.0,0,0.0,0.0,0.0,0,0.0,0,0.0,1,2,6.0,0,1.0,0.6000000000000001
917,K.Sperry,2009,REG,0,0,0.0,0,0.0,0.0,0.0,0,0.0,0,0.0,3,6,31.0,1,4.0,9.1
918,K.Sperry,2010,REG,0,0,0.0,0,0.0,0.0,0.0,0,0.0,0,0.0,4,4,73.0,0,39.0,7.300000000000001
919,K.Sheets,2009,REG,0,0,0.0,0,0.0,0.0,0.0,1,5.0,0,0.0,0,0,0.0,0,0.0,0.5
920,K.Ogletree,2009,REG,0,0,0.0,0,0.0,0.0,0.0,1,6.0,0,0.0,7,8,96.0,0,69.0,10.200000000000001
921,K.Ogletree,2010,REG,0,0,0.0,0,0.0,0.0,0.0,0,0.0,0,0.0,3,6,34.0,0,6.0,3.4000000000000004
922,T.Sutton,2009,REG,0,0,0.0,0,0.0,0.0,0.0,12,68.0,0,0.0,6,11,62.0,0,62.0,13.0
923,T.Sutton,2010,REG,0,0,0.0,0,0.0,0.0,0.0,13,71.0,0,0.0,12,12,70.0,0,73.0,14.100000000000001
924,A.Foster,2009,REG,0,0,0.0,0,0.0,0.0,0.0,54,257.0,3,0.0,8,9,93.0,0,74.0,51.0
925,A.Foster,2010,REG,0,0,0.0,0,0.0,0.0,0.0,327,1616.0,16,3.0,66,84,604.0,2,586.0,326.0
926,R.Purvis,2010,REG,0,0,0.0,0,0.0,0.0,0.0,0,0.0,0,0.0,5,6,38.0,0,26.0,3.8000000000000003
927,K.Huggins,2010,REG,0,0,0.0,0,0.0,0.0,0.0,4,11.0,0,0.0,1,2,7.0,0,0.0,1.8000000000000003
928,D.Young,2010,REG,0,0,0.0,0,0.0,0.0,0.0,4,19.0,0,0.0,1,1,3.0,1,3.0,8.200000000000001
929,A.Smith,2010,REG,0,0,0.0,0,0.0,0.0,0.0,1,-3.0,0,0.0,0,1,0.0,0,0.0,-0.30000000000000004
930,T.Crabtree,2010,REG,0,0,0.0,0,0.0,0.0,0.0,0,0.0,0,0.0,4,7,61.0,0,35.0,6.1
931,M.Sanchez,2009,REG,196,363,2444.0,12,20.0,26.0,3407.0,36,106.0,3,2.0,0,0,0.0,0,0.0,132.36
932,M.Sanchez,2010,REG,278,507,3291.0,17,13.0,27.0,4656.0,30,105.0,3,4.0,0,0,0.0,0,0.0,202.14000000000001
933,S.Greene,2009,REG,0,0,0.0,0,0.0,0.0,0.0,109,541.0,2,3.0,0,4,0.0,0,0.0,60.1
934,S.Greene,2010,REG,0,0,0.0,0,0.0,0.0,0.0,185,766.0,2,2.0,16,24,120.0,0,86.0,96.60000000000001
935,M.Wallace,2009,REG,0,0,0.0,0,0.0,0.0,0.0,5,48.0,0,0.0,39,72,756.0,6,143.0,114.4
936,M.Wallace,2010,REG,0,0,0.0,0,0.0,0.0,0.0,5,39.0,0,0.0,60,98,1257.0,10,361.0,189.6
937,R.Barden,2009,REG,0,0,0.0,0,0.0,0.0,0.0,0,0.0,0,0.0,1,1,16.0,0,9.0,1.6
938,R.Barden,2010,REG,0,0,0.0,0,0.0,0.0,0.0,0,0.0,0,0.0,5,7,64.0,0,10.0,6.4
939,A.Hill,2009,REG,0,0,0.0,0,0.0,0.0,0.0,0,0.0,0,0.0,1,2,9.0,0,6.0,0.9
940,J.Knox,2009,REG,0,0,0.0,0,0.0,0.0,0.0,0,0.0,0,0.0,45,80,527.0,5,177.0,88.7
941,J.Knox,2010,REG,0,0,0.0,0,0.0,0.0,0.0,1,2.0,0,0.0,51,100,960.0,5,234.0,124.2
942,B.Pascoe,2009,REG,0,0,0.0,0,0.0,0.0,0.0,0,0.0,0,0.0,1,1,9.0,0,16.0,0.9
943,B.Pascoe,2010,REG,0,0,0.0,0,0.0,0.0,0.0,0,0.0,0,0.0,9,13,72.0,0,54.0,7.200000000000001
944,C.Peerman,2010,REG,0,0,0.0,0,0.0,0.0,0.0,2,1.0,0,0.0,1,3,11.0,0,4.0,1.2000000000000002
945,B.Gibson,2009,REG,0,0,0.0,0,0.0,0.0,0.0,0,0.0,0,0.0,34,69,348.0,1,110.0,38.800000000000004
946,B.Gibson,2010,REG,0,0,0.0,0,0.0,0.0,0.0,3,28.0,0,0.0,53,91,620.0,2,225.0,76.8
947,B.Scott,2009,REG,0,0,0.0,0,0.0,0.0,0.0,74,321.0,0,1.0,5,8,67.0,0,71.0,44.800000000000004
948,B.Scott,2010,REG,0,0,0.0,0,0.0,0.0,0.0,61,299.0,1,0.0,11,13,60.0,0,77.0,41.9
949,S.Stroughter,2009,REG,0,0,0.0,0,0.0,0.0,0.0,0,0.0,0,0.0,31,58,334.0,1,137.0,45.400000000000006
950,S.Stroughter,2010,REG,0,0,0.0,0,0.0,0.0,0.0,1,2.0,0,0.0,24,38,239.0,0,100.0,24.1
951,L.Stephens-Howling,2009,REG,0,0,0.0,0,0.0,0.0,0.0,6,15.0,0,0.0,10,18,83.0,1,64.0,19.8
952,L.Stephens-Howling,2010,REG,0,0,0.0,0,0.0,0.0,0.0,23,113.0,1,0.0,16,23,111.0,0,97.0,40.400000000000006
953,D.Johnson,2009,REG,0,0,0.0,0,0.0,0.0,0.0,0,0.0,0,0.0,2,4,9.0,0,5.0,0.9
954,D.Johnson,2010,REG,0,0,0.0,0,0.0,0.0,0.0,0,0.0,0,0.0,4,6,46.0,0,30.0,4.6
955,M.Mitchell,2009,REG,0,0,0.0,0,0.0,0.0,0.0,0,0.0,0,0.0,4,7,32.0,0,11.0,3.2
956,C.Morrah,2009,REG,0,0,0.0,0,0.0,0.0,0.0,0,0.0,0,0.0,1,1,3.0,0,1.0,0.30000000000000004
957,C.Morrah,2010,REG,0,0,0.0,0,0.0,0.0,0.0,0,0.0,0,0.0,9,18,117.0,0,64.0,11.700000000000001
958,D.Heyward-Bey,2009,REG,0,0,0.0,0,0.0,0.0,0.0,2,19.0,0,0.0,9,40,124.0,1,12.0,20.3
959,D.Heyward-Bey,2010,REG,0,0,0.0,0,0.0,0.0,0.0,4,48.0,0,1.0,26,65,366.0,1,101.0,45.4
960,M.Crabtree,2009,REG,0,0,0.0,0,0.0,0.0,0.0,0,0.0,0,0.0,48,86,625.0,2,219.0,72.5
961,M.Crabtree,2010,REG,0,0,0.0,0,0.0,0.0,0.0,0,0.0,0,0.0,55,101,741.0,6,292.0,110.10000000000001
962,K.Moreno,2009,REG,0,0,0.0,0,0.0,0.0,0.0,247,947.0,7,2.0,28,41,213.0,2,210.0,162.0
963,K.Moreno,2010,REG,0,0,0.0,0,0.0,0.0,0.0,182,779.0,5,3.0,37,48,372.0,3,363.0,159.1
964,J.Freeman,2009,REG,159,291,1857.0,10,18.0,19.0,2649.0,31,162.0,0,4.0,0,0,0.0,0,0.0,94.47999999999999
965,J.Freeman,2010,REG,291,474,3451.0,25,6.0,28.0,4350.0,68,364.0,0,2.0,0,0,0.0,0,0.0,258.44
966,J.Maclin,2009,REG,0,0,0.0,0,0.0,0.0,0.0,2,-7.0,0,0.0,55,90,762.0,4,241.0,99.5
967,J.Maclin,2010,REG,0,0,0.0,0,0.0,0.0,0.0,3,36.0,0,0.0,70,115,964.0,10,258.0,158.0
968,B.Pettigrew,2009,REG,0,0,0.0,0,0.0,0.0,0.0,0,0.0,0,0.0,31,55,352.0,2,192.0,47.2
969,B.Pettigrew,2010,REG,0,0,0.0,0,0.0,0.0,0.0,0,0.0,0,0.0,71,111,722.0,4,351.0,96.2
970,P.Harvin,2009,REG,0,0,0.0,0,0.0,0.0,0.0,15,135.0,0,0.0,60,91,790.0,6,363.0,140.5
971,P.Harvin,2010,REG,0,0,0.0,0,0.0,0.0,0.0,18,107.0,1,0.0,71,109,868.0,5,425.0,141.5
972,M.Oher,2009,REG,0,0,0.0,0,0.0,0.0,0.0,0,0.0,0,0.0,1,1,-8.0,0,0.0,-0.8
973,D.Brown,2009,REG,0,0,0.0,0,0.0,0.0,0.0,78,281.0,3,1.0,11,14,169.0,0,124.0,63.00000000000001
974,D.Brown,2010,REG,0,0,0.0,0,0.0,0.0,0.0,129,497.0,2,0.0,20,28,205.0,0,180.0,82.2
975,H.Nicks,2009,REG,0,0,0.0,0,0.0,0.0,0.0,2,8.0,0,0.0,47,74,790.0,6,403.0,115.8
976,H.Nicks,2010,REG,0,0,0.0,0,0.0,0.0,0.0,0,0.0,0,0.0,79,128,1052.0,11,294.0,171.20000000000002
977,K.Britt,2009,REG,0,0,0.0,0,0.0,0.0,0.0,0,0.0,0,0.0,42,75,701.0,3,180.0,86.10000000000001
978,K.Britt,2010,REG,0,0,0.0,0,0.0,0.0,0.0,0,0.0,0,0.0,42,73,775.0,9,123.0,131.5
979,C.Wells,2009,REG,0,0,0.0,0,0.0,0.0,0.0,176,793.0,7,4.0,12,16,143.0,0,112.0,131.6
980,C.Wells,2010,REG,0,0,0.0,0,0.0,0.0,0.0,116,397.0,2,1.0,5,8,74.0,0,27.0,59.1
981,B.Robiskie,2009,REG,0,0,0.0,0,0.0,0.0,0.0,0,0.0,0,0.0,7,21,106.0,0,51.0,10.600000000000001
982,B.Robiskie,2010,REG,0,0,0.0,0,0.0,0.0,0.0,0,0.0,0,0.0,29,49,310.0,3,58.0,49.0
983,P.White,2009,REG,0,5,0.0,0,0.0,1.0,63.0,21,81.0,0,1.0,0,0,0.0,0,0.0,8.100000000000001
984,M.Massaquoi,2009,REG,0,0,0.0,0,0.0,0.0,0.0,1,-3.0,0,0.0,34,95,624.0,3,171.0,78.10000000000001
985,M.Massaquoi,2010,REG,1,1,29.0,1,0.0,0.0,29.0,1,-3.0,0,0.0,36,73,483.0,2,137.0,63.160000000000004
986,L.McCoy,2009,REG,0,0,0.0,0,0.0,0.0,0.0,155,637.0,4,2.0,40,55,308.0,0,389.0,118.5
987,L.McCoy,2010,REG,0,0,0.0,0,0.0,0.0,0.0,207,1080.0,7,1.0,78,90,592.0,2,706.0,219.20000000000002
988,R.Quinn,2009,REG,0,0,0.0,0,0.0,0.0,0.0,0,0.0,0,0.0,0,1,0.0,0,0.0,0.0
989,R.Quinn,2010,REG,0,0,0.0,0,0.0,0.0,0.0,0,0.0,0,0.0,1,2,9.0,0,10.0,0.9
990,G.Coffee,2009,REG,0,0,0.0,0,0.0,0.0,0.0,83,226.0,1,0.0,11,18,76.0,0,87.0,36.2
991,D.Williams,2009,REG,0,0,0.0,0,0.0,0.0,0.0,1,4.0,0,0.0,6,13,52.0,0,10.0,5.6000000000000005
992,D.Williams,2010,REG,0,0,0.0,0,0.0,0.0,0.0,0,0.0,0,0.0,3,5,30.0,0,8.0,3.0000000000000004
993,B.Tate,2009,REG,0,0,0.0,0,0.0,0.0,0.0,1,11.0,0,0.0,0,2,0.0,0,0.0,1.1
994,B.Tate,2010,REG,0,0,0.0,0,0.0,0.0,0.0,5,62.0,0,0.0,24,46,432.0,3,139.0,77.4
995,P.Turner,2010,REG,0,0,0.0,0,0.0,0.0,0.0,0,0.0,0,0.0,2,2,26.0,0,3.0,2.6
996,L.Webb,2009,REG,0,0,0.0,0,0.0,0.0,0.0,0,0.0,0,0.0,0,0,0.0,0,0.0,6.0
997,J.Cook,2009,REG,0,0,0.0,0,0.0,0.0,0.0,0,0.0,0,0.0,9,15,74.0,0,36.0,7.4
998,J.Cook,2010,REG,0,0,0.0,0,0.0,0.0,0.0,0,0.0,0,0.0,29,45,361.0,1,135.0,42.1
999,D.Butler,2009,REG,0,0,0.0,0,0.0,0.0,0.0,0,0.0,0,0.0,15,42,175.0,0,46.0,17.5
1000,D.Butler,2010,REG,0,0,0.0,0,0.0,0.0,0.0,2,6.0,0,0.0,36,70,385.0,4,116.0,63.1
1001,C.Coffman,2010,REG,0,0,0.0,0,0.0,0.0,0.0,0,0.0,0,0.0,3,5,30.0,0,18.0,3.0
1002,T.Beckum,2009,REG,0,0,0.0,0,0.0,0.0,0.0,0,0.0,0,0.0,8,10,55.0,0,26.0,5.5
1003,T.Beckum,2010,REG,0,0,0.0,0,0.0,0.0,0.0,0,0.0,0,0.0,13,18,116.0,2,40.0,23.6
1004,S.McGee,2010,REG,22,44,238.0,2,0.0,3.0,238.0,13,74.0,0,1.0,0,0,0.0,0,0.0,24.92
1005,M.Thomas,2009,REG,0,0,0.0,0,0.0,0.0,0.0,11,85.0,0,0.0,48,62,453.0,1,205.0,59.8
1006,M.Thomas,2010,REG,0,0,0.0,0,0.0,0.0,0.0,12,114.0,0,0.0,66,101,820.0,4,304.0,123.4
1007,B.Hartline,2009,REG,0,0,0.0,0,0.0,0.0,0.0,4,29.0,1,0.0,31,56,506.0,3,161.0,77.5
1008,B.Hartline,2010,REG,0,0,0.0,0,0.0,0.0,0.0,2,27.0,0,0.0,43,73,615.0,1,211.0,68.2
1009,M.Goodson,2009,REG,0,0,0.0,0,0.0,0.0,0.0,22,49.0,0,1.0,2,2,15.0,0,20.0,4.4
1010,M.Goodson,2010,REG,0,0,0.0,0,0.0,0.0,0.0,103,452.0,3,4.0,40,57,310.0,0,351.0,90.2
1011,S.Nelson,2009,REG,0,0,0.0,0,0.0,0.0,0.0,0,0.0,0,0.0,18,30,157.0,1,70.0,19.7
1012,S.Nelson,2010,REG,0,0,0.0,0,0.0,0.0,0.0,0,0.0,0,0.0,3,4,25.0,0,0.0,0.5000000000000001
1013,L.Murphy,2009,REG,0,0,0.0,0,0.0,0.0,0.0,6,31.0,0,0.0,34,96,521.0,4,133.0,79.2
1014,L.Murphy,2010,REG,0,0,0.0,0,0.0,0.0,0.0,1,43.0,0,0.0,41,78,609.0,2,206.0,75.2
1015,A.Collie,2009,REG,0,0,0.0,0,0.0,0.0,0.0,2,1.0,0,0.0,60,90,676.0,7,248.0,109.7
1016,A.Collie,2010,REG,0,0,0.0,0,0.0,0.0,0.0,0,0.0,0,0.0,57,70,617.0,8,281.0,109.7
1017,T.Fiammetta,2009,REG,0,0,0.0,0,0.0,0.0,0.0,0,0.0,0,0.0,0,3,0.0,0,0.0,0.0
1018,T.Fiammetta,2010,REG,0,0,0.0,0,0.0,0.0,0.0,7,22.0,0,0.0,5,10,34.0,0,21.0,5.6000000000000005
1019,A.Brown,2010,REG,0,0,0.0,0,0.0,0.0,0.0,2,-1.0,0,0.0,0,0,0.0,0,0.0,-0.1
1020,G.Johnson,2009,REG,0,0,0.0,0,0.0,0.0,0.0,13,43.0,0,0.0,0,1,0.0,0,0.0,4.300000000000001
1021,G.Johnson,2010,REG,0,0,0.0,0,0.0,0.0,0.0,10,36.0,0,0.0,3,5,6.0,0,9.0,4.2
1022,K.Huber,2009,REG,0,0,0.0,0,0.0,0.0,0.0,1,0.0,0,1.0,0,0,0.0,0,0.0,0.0
1023,J.Dillard,2009,REG,0,0,0.0,0,0.0,0.0,0.0,0,0.0,0,0.0,6,8,106.0,0,19.0,10.600000000000001
1024,Q.Johnson,2009,REG,0,0,0.0,0,0.0,0.0,0.0,0,0.0,0,0.0,2,4,4.0,0,1.0,0.4
1025,Q.Johnson,2010,REG,0,0,0.0,0,0.0,0.0,0.0,0,0.0,0,0.0,3,4,26.0,0,21.0,2.6
1026,J.Casey,2009,REG,0,0,0.0,0,0.0,0.0,0.0,0,0.0,0,0.0,6,12,64.0,0,24.0,6.4
1027,J.Casey,2010,REG,0,0,0.0,0,0.0,0.0,0.0,0,0.0,0,0.0,8,14,98.0,0,61.0,9.8
1028,J.Ringer,2009,REG,0,0,0.0,0,0.0,0.0,0.0,8,48.0,0,0.0,0,0,0.0,0,0.0,4.8
1029,J.Ringer,2010,REG,0,0,0.0,0,0.0,0.0,0.0,51,239.0,2,0.0,7,8,44.0,0,26.0,40.300000000000004
1030,Q.Lawrence,2009,REG,0,0,0.0,0,0.0,0.0,0.0,2,42.0,0,0.0,1,2,9.0,0,3.0,5.1
1031,Z.Miller,2009,REG,0,0,0.0,0,0.0,0.0,0.0,1,3.0,0,0.0,21,27,212.0,2,144.0,33.5
1032,Z.Miller,2010,REG,0,0,0.0,0,0.0,0.0,0.0,2,9.0,0,0.0,20,26,216.0,1,98.0,28.5
1033,A.Brown,2009,REG,0,0,0.0,0,0.0,0.0,0.0,27,131.0,0,0.0,9,15,84.0,1,76.0,27.5
1034,A.Brown,2010,REG,0,0,0.0,0,0.0,0.0,0.0,17,58.0,0,0.0,8,13,45.0,0,25.0,10.3
1035,J.Davis,2009,REG,0,0,0.0,0,0.0,0.0,0.0,9,15.0,0,0.0,4,5,5.0,0,11.0,2.0
1036,J.Davis,2010,REG,0,0,0.0,0,0.0,0.0,0.0,19,60.0,0,0.0,4,5,45.0,0,56.0,10.5
1037,K.Null,2009,REG,72,118,558.0,3,9.0,13.0,804.0,5,6.0,0,2.0,0,0,0.0,0,0.0,14.920000000000002
1038,C.Painter,2009,REG,8,28,83.0,0,2.0,3.0,295.0,3,4.0,0,1.0,0,0,0.0,0,0.0,-4.279999999999999
1039,B.Myers,2009,REG,0,0,0.0,0,0.0,0.0,0.0,0,0.0,0,0.0,4,6,19.0,0,15.0,1.9000000000000004
1040,B.Myers,2010,REG,0,0,0.0,0,0.0,0.0,0.0,0,0.0,0,0.0,12,16,80.0,0,38.0,8.0
1041,J.Phillips,2009,REG,0,0,0.0,0,0.0,0.0,0.0,0,0.0,0,0.0,7,9,62.0,0,45.0,6.2
1042,C.Ogbonnaya,2009,REG,0,0,0.0,0,0.0,0.0,0.0,11,50.0,0,0.0,1,2,19.0,0,19.0,6.9
1043,J.Williams,2009,REG,0,0,0.0,0,0.0,0.0,0.0,6,6.0,0,0.0,0,1,0.0,0,0.0,0.6
1044,M.Johnson,2010,REG,0,0,0.0,0,0.0,0.0,0.0,0,0.0,0,0.0,1,5,6.0,0,0.0,0.6000000000000001
1045,J.Edelman,2009,REG,0,0,0.0,0,0.0,0.0,0.0,2,5.0,0,1.0,37,54,359.0,1,257.0,42.400000000000006
1046,J.Edelman,2010,REG,0,0,0.0,0,0.0,0.0,0.0,2,14.0,0,0.0,7,14,86.0,0,99.0,16.0
1047,J.O'Connell,2009,REG,0,0,0.0,0,0.0,0.0,0.0,0,0.0,0,0.0,2,10,7.0,0,3.0,0.7000000000000001
1048,J.O'Connell,2010,REG,0,0,0.0,0,0.0,0.0,0.0,0,0.0,0,0.0,3,4,31.0,0,22.0,3.1000000000000005
1049,R.Jennings,2009,REG,0,0,0.0,0,0.0,0.0,0.0,39,202.0,1,0.0,16,18,101.0,0,103.0,36.300000000000004
1050,R.Jennings,2010,REG,0,0,0.0,0,0.0,0.0,0.0,84,459.0,4,0.0,26,34,223.0,0,217.0,92.2
1051,T.Underwood,2010,REG,0,0,0.0,0,0.0,0.0,0.0,0,0.0,0,0.0,8,22,111.0,0,19.0,11.100000000000001
1052,D.Gronkowski,2009,REG,0,0,0.0,0,0.0,0.0,0.0,0,0.0,0,0.0,1,3,4.0,0,2.0,0.4
1053,D.Gronkowski,2010,REG,0,0,0.0,0,0.0,0.0,0.0,0,0.0,0,0.0,8,13,65.0,0,30.0,6.5
1054,C.Jennings,2009,REG,0,0,0.0,0,0.0,0.0,0.0,63,220.0,1,0.0,9,13,56.0,0,58.0,33.6
1055,C.Hall,2010,REG,0,0,0.0,0,0.0,0.0,0.0,9,29.0,0,0.0,11,18,115.0,1,21.0,20.4
1056,D.Nance,2010,REG,0,0,0.0,0,0.0,0.0,0.0,36,95.0,0,0.0,3,4,30.0,0,35.0,12.5
1057,M.Palmer,2010,REG,0,0,0.0,0,0.0,0.0,0.0,0,0.0,0,0.0,5,8,29.0,1,16.0,8.9
1058,K.Williams,2010,REG,0,0,0.0,0,0.0,0.0,0.0,65,261.0,3,0.0,39,58,309.0,2,309.0,85.0
1059,L.Paulsen,2010,REG,0,0,0.0,0,0.0,0.0,0.0,0,0.0,0,0.0,2,2,10.0,1,9.0,7.0
1060,N.Roosevelt,2010,REG,0,0,0.0,0,0.0,0.0,0.0,1,3.0,0,0.0,9,17,139.0,0,33.0,14.200000000000001
1061,K.Toston,2010,REG,0,0,0.0,0,0.0,0.0,0.0,19,54.0,0,0.0,2,2,29.0,0,33.0,8.3
1062,D.Calhoun,2010,REG,0,0,0.0,0,0.0,0.0,0.0,0,0.0,0,0.0,1,2,4.0,0,4.0,0.4
1063,C.Vaughn,2010,REG,0,0,0.0,0,0.0,0.0,0.0,0,0.0,0,0.0,0,0,0.0,0,0.0,6.0
1064,J.Horne,2010,REG,0,0,0.0,0,0.0,0.0,0.0,0,0.0,0,0.0,0,1,0.0,0,0.0,0.0
1065,J.Cumberland,2010,REG,0,0,0.0,0,0.0,0.0,0.0,0,0.0,0,0.0,1,2,3.0,0,3.0,0.30000000000000004
1066,D.Nelson,2010,REG,0,0,0.0,0,0.0,0.0,0.0,0,0.0,0,0.0,31,47,353.0,3,78.0,53.300000000000004
1067,L.Blount,2010,REG,0,0,0.0,0,0.0,0.0,0.0,201,1007.0,6,3.0,5,7,14.0,0,19.0,132.1
1068,M.Hall,2010,REG,39,78,370.0,1,6.0,14.0,654.0,1,-5.0,0,0.0,0,0,0.0,0,0.0,2.3
1069,S.Williams,2010,REG,0,0,0.0,0,0.0,0.0,0.0,0,0.0,0,0.0,9,23,101.0,0,33.0,10.100000000000001
1070,M.Komar,2010,REG,0,0,0.0,0,0.0,0.0,0.0,0,0.0,0,0.0,12,22,117.0,0,34.0,9.700000000000001
1071,M.Moore,2010,REG,0,0,0.0,0,0.0,0.0,0.0,1,16.0,0,0.0,6,19,128.0,1,72.0,20.4
1072,R.Wallace,2010,REG,0,0,0.0,0,0.0,0.0,0.0,0,0.0,0,0.0,6,10,62.0,0,16.0,6.200000000000001
1073,C.Gronkowski,2010,REG,0,0,0.0,0,0.0,0.0,0.0,5,17.0,0,0.0,7,14,35.0,1,30.0,11.2
1074,B.McCann,2010,REG,0,0,0.0,0,0.0,0.0,0.0,0,0.0,0,0.0,0,0,0.0,0,0.0,6.0
1075,V.Tucker,2010,REG,0,0,0.0,0,0.0,0.0,0.0,0,0.0,0,0.0,6,19,114.0,1,22.0,17.400000000000002
1076,J.Mastrud,2010,REG,0,0,0.0,0,0.0,0.0,0.0,0,0.0,0,0.0,0,1,0.0,0,0.0,0.0
1077,P.Parker,2010,REG,0,0,0.0,0,0.0,0.0,0.0,1,7.0,0,0.0,4,9,42.0,0,31.0,4.9
1078,J.James,2010,REG,0,0,0.0,0,0.0,0.0,0.0,46,112.0,6,0.0,9,11,63.0,0,79.0,51.5
1079,B.James,2010,REG,0,0,0.0,0,0.0,0.0,0.0,0,0.0,0,0.0,6,11,40.0,0,14.0,4.0
1080,B.White,2010,REG,0,0,0.0,0,0.0,0.0,0.0,0,0.0,0,0.0,36,57,355.0,5,64.0,65.5
1081,D.Jones,2010,REG,0,0,0.0,0,0.0,0.0,0.0,3,1.0,0,0.0,18,41,213.0,1,86.0,27.400000000000002
1082,C.Ivory,2010,REG,0,0,0.0,0,0.0,0.0,0.0,137,716.0,5,4.0,1,1,17.0,0,22.0,99.30000000000001
1083,S.Ajirotutu,2010,REG,0,0,0.0,0,0.0,0.0,0.0,0,0.0,0,0.0,13,23,262.0,2,70.0,38.2
1084,R.Goodman,2010,REG,0,0,0.0,0,0.0,0.0,0.0,0,0.0,0,0.0,1,2,25.0,0,4.0,0.5
1085,K.Williams,2010,REG,0,0,0.0,0,0.0,0.0,0.0,0,0.0,0,0.0,1,1,8.0,0,4.0,0.8
1086,B.Banks,2010,REG,0,0,0.0,0,0.0,0.0,0.0,2,6.0,0,0.0,2,5,10.0,0,-2.0,7.6
1087,D.McCluster,2010,REG,0,0,0.0,0,0.0,0.0,0.0,18,71.0,0,1.0,21,39,209.0,1,166.0,38.0
1088,A.Benn,2010,REG,0,0,0.0,0,0.0,0.0,0.0,6,35.0,0,0.0,25,38,395.0,2,159.0,55.0
1089,R.Gronkowski,2010,REG,0,0,0.0,0,0.0,0.0,0.0,0,0.0,0,0.0,42,59,546.0,10,183.0,112.6
1090,J.Clausen,2010,REG,157,299,1558.0,3,9.0,33.0,1974.0,23,57.0,0,7.0,0,0,0.0,0,0.0,58.02
1091,J.Arenas,2010,REG,0,0,0.0,0,0.0,0.0,0.0,1,5.0,0,0.0,0,0,0.0,0,0.0,0.5
1092,E.Dickson,2010,REG,0,0,0.0,0,0.0,0.0,0.0,0,0.0,0,0.0,11,23,152.0,1,72.0,21.200000000000003
1093,B.LaFell,2010,REG,0,1,0.0,0,0.0,0.0,-4.0,1,60.0,0,0.0,38,77,468.0,1,133.0,58.800000000000004
1094,E.Sanders,2010,REG,0,0,0.0,0,0.0,0.0,0.0,0,0.0,0,0.0,28,50,376.0,2,71.0,49.6
1095,J.Shipley,2010,REG,0,0,0.0,0,0.0,0.0,0.0,0,0.0,0,0.0,52,74,600.0,3,206.0,78.0
1096,C.McCoy,2010,REG,135,222,1576.0,6,9.0,23.0,1945.0,28,136.0,1,0.0,1,1,13.0,0,7.0,89.94
1097,E.Decker,2010,REG,0,0,0.0,0,0.0,0.0,0.0,0,0.0,0,0.0,6,8,106.0,1,24.0,14.600000000000001
1098,A.Roberts,2010,REG,0,0,0.0,0,0.0,0.0,0.0,0,0.0,0,0.0,24,49,307.0,2,138.0,42.699999999999996
1099,A.Edwards,2010,REG,1,1,0.0,0,0.0,0.0,0.0,1,7.0,0,0.0,0,2,0.0,0,0.0,0.7000000000000001
1100,T.Price,2010,REG,0,0,0.0,0,0.0,0.0,0.0,0,0.0,0,0.0,3,4,41.0,0,24.0,4.1000000000000005
1101,T.Moeaki,2010,REG,0,0,0.0,0,0.0,0.0,0.0,0,0.0,0,0.0,47,73,556.0,3,179.0,73.60000000000001
1102,J.Graham,2010,REG,0,0,0.0,0,0.0,0.0,0.0,1,3.0,0,0.0,31,44,356.0,5,138.0,65.9
1103,M.Gilyard,2010,REG,0,0,0.0,0,0.0,0.0,0.0,0,0.0,0,0.0,6,16,63.0,0,14.0,6.300000000000001
1104,M.Williams,2010,REG,0,0,0.0,0,0.0,0.0,0.0,0,0.0,0,0.0,65,129,964.0,11,309.0,158.4
1105,J.Ford,2010,REG,0,0,0.0,0,0.0,0.0,0.0,10,155.0,2,0.0,25,54,470.0,2,103.0,104.5
1106,J.McKnight,2010,REG,0,0,0.0,0,0.0,0.0,0.0,39,189.0,0,0.0,3,4,20.0,0,11.0,20.900000000000002
1107,A.Hernandez,2010,REG,0,0,0.0,0,0.0,0.0,0.0,3,47.0,0,0.0,45,64,563.0,6,291.0,97.0
1108,D.Pitta,2010,REG,0,0,0.0,0,0.0,0.0,0.0,0,0.0,0,0.0,1,5,1.0,0,0.0,0.1
1109,C.Harbor,2010,REG,0,0,0.0,0,0.0,0.0,0.0,0,0.0,0,0.0,9,15,72.0,1,23.0,13.2
1110,M.Hoomanawanui,2010,REG,0,0,0.0,0,0.0,0.0,0.0,0,0.0,0,0.0,13,22,146.0,3,103.0,32.6
1111,J.Conner,2010,REG,0,0,0.0,0,0.0,0.0,0.0,8,44.0,1,0.0,2,4,9.0,0,2.0,11.3
1112,A.Quarless,2010,REG,0,0,0.0,0,0.0,0.0,0.0,0,0.0,0,0.0,21,33,238.0,1,112.0,27.8
1113,J.Skelton,2010,REG,60,126,662.0,3,2.0,9.0,1128.0,10,49.0,0,1.0,0,0,0.0,0,0.0,37.38
1114,D.Reed,2010,REG,0,0,0.0,0,0.0,0.0,0.0,1,15.0,0,0.0,0,1,0.0,0,0.0,7.5
1115,R.Cooper,2010,REG,0,0,0.0,0,0.0,0.0,0.0,0,0.0,0,0.0,7,18,116.0,1,18.0,17.6
1116,B.Eldridge,2010,REG,0,0,0.0,0,0.0,0.0,0.0,0,0.0,0,0.0,5,9,39.0,0,22.0,3.9000000000000004
1117,F.Onobun,2010,REG,0,0,0.0,0,0.0,0.0,0.0,0,0.0,0,0.0,2,4,15.0,0,5.0,1.5
1118,A.Dixon,2010,REG,0,0,0.0,0,0.0,0.0,0.0,70,237.0,2,0.0,5,5,11.0,0,10.0,36.800000000000004
1119,R.Smith,2010,REG,20,40,200.0,0,4.0,1.0,401.0,0,0.0,0,0.0,0,0,0.0,0,0.0,4.440892098500626e-16
1120,C.Mitchell,2010,REG,0,0,0.0,0,0.0,0.0,0.0,1,9.0,0,0.0,0,1,0.0,0,0.0,0.9
1121,D.Karim,2010,REG,0,0,0.0,0,0.0,0.0,0.0,35,160.0,0,1.0,3,7,10.0,0,11.0,17.0
1122,N.Byham,2010,REG,0,0,0.0,0,0.0,0.0,0.0,0,0.0,0,0.0,5,7,27.0,0,26.0,2.7
1123,J.Dwyer,2010,REG,0,0,0.0,0,0.0,0.0,0.0,9,28.0,0,0.0,0,0,0.0,0,0.0,2.8000000000000003
1124,D.Briscoe,2010,REG,0,0,0.0,0,0.0,0.0,0.0,0,0.0,0,0.0,6,7,93.0,1,33.0,15.3
1125,J.Starks,2010,REG,0,0,0.0,0,0.0,0.0,0.0,29,101.0,0,0.0,2,4,15.0,0,12.0,11.600000000000001
1126,A.Brown,2010,REG,0,0,0.0,0,0.0,0.0,0.0,0,0.0,0,0.0,16,19,167.0,0,111.0,22.700000000000003
1127,D.Gettis,2010,REG,0,0,0.0,0,0.0,0.0,0.0,3,2.0,0,0.0,37,67,508.0,3,155.0,69.0
1128,J.Webb,2010,REG,54,89,477.0,0,3.0,8.0,769.0,18,120.0,2,0.0,0,0,0.0,0,0.0,37.08
1129,T.Pike,2010,REG,6,12,47.0,0,0.0,1.0,75.0,0,0.0,0,0.0,0,0,0.0,0,0.0,1.8800000000000001
1130,L.Brown,2010,REG,2,3,24.0,0,1.0,0.0,55.0,0,0.0,0,0.0,0,0,0.0,0,0.0,-1.04
1131,M.Shuler,2010,REG,0,0,0.0,0,0.0,0.0,0.0,0,0.0,0,0.0,2,5,44.0,0,13.0,4.4
1132,T.Austin,2010,REG,0,0,0.0,0,0.0,0.0,0.0,0,0.0,0,0.0,3,5,47.0,0,20.0,4.700000000000001
1133,M.Dodge,2010,REG,0,0,0.0,0,0.0,0.0,0.0,1,0.0,0,1.0,0,0,0.0,0,0.0,-2.0
1134,M.Mariani,2010,REG,0,0,0.0,0,0.0,0.0,0.0,0,0.0,0,0.0,0,2,0.0,0,0.0,12.0
1135,D.Dickerson,2010,REG,0,0,0.0,0,0.0,0.0,0.0,0,0.0,0,0.0,0,1,0.0,0,0.0,0.0
1136,J.Dray,2010,REG,0,0,0.0,0,0.0,0.0,0.0,0,0.0,0,0.0,3,9,47.0,0,20.0,4.700000000000001
1137,E.Lorig,2010,REG,0,0,0.0,0,0.0,0.0,0.0,0,0.0,0,0.0,1,2,10.0,0,8.0,1.0
1138,S.Bradford,2010,REG,354,590,3512.0,18,15.0,34.0,3921.0,27,63.0,1,1.0,0,0,0.0,0,0.0,190.78
1139,C.Spiller,2010,REG,0,0,0.0,0,0.0,0.0,0.0,74,283.0,0,2.0,24,30,157.0,1,158.0,54.0
1140,R.Mathews,2010,REG,0,0,0.0,0,0.0,0.0,0.0,157,675.0,7,4.0,22,26,145.0,0,180.0,118.0
1141,E.Thomas,2010,REG,0,0,0.0,0,0.0,0.0,0.0,0,0.0,0,0.0,0,0,0.0,0,0.0,6.0
1142,J.Gresham,2010,REG,0,0,0.0,0,0.0,0.0,0.0,0,0.0,0,0.0,52,83,471.0,4,362.0,71.10000000000001
1143,D.Thomas,2010,REG,0,0,0.0,0,0.0,0.0,0.0,2,1.0,0,1.0,22,39,283.0,2,139.0,38.4
1144,T.Tebow,2010,REG,41,82,654.0,5,3.0,6.0,1007.0,43,227.0,6,1.0,0,0,0.0,0,0.0,98.86
1145,J.Best,2010,REG,0,1,0.0,0,0.0,0.0,15.0,171,555.0,4,1.0,58,80,487.0,2,590.0,138.20000000000002
1146,T.Mays,2010,REG,0,0,0.0,0,0.0,0.0,0.0,0,0.0,0,0.0,0,0,0.0,0,0.0,6.0
1147,T.Gerhart,2010,REG,0,0,0.0,0,0.0,0.0,0.0,81,322.0,1,1.0,21,29,167.0,0,173.0,48.9
1148,G.Tate,2010,REG,0,0,0.0,0,0.0,0.0,0.0,2,4.0,0,0.0,21,39,227.0,0,109.0,23.1
1149,D.Williams,2010,REG,0,0,0.0,0,0.0,0.0,0.0,1,5.0,0,0.0,16,28,219.0,0,40.0,22.400000000000002
1150,D.Bryant,2010,REG,0,0,0.0,0,0.0,0.0,0.0,1,0.0,0,0.0,45,72,561.0,6,192.0,104.1
1151,D.Alexander,2010,REG,0,0,0.0,0,0.0,0.0,0.0,0,0.0,0,0.0,20,37,306.0,1,113.0,36.6
